week,source_id,num_locations,num_snapshots,num_changes,min_date,max_date
2021-28,bonn,3,672,767,2021-07-12 00:03:33,2021-07-18 23:48:30
2021-28,bonnbau,1,672,48,2021-07-12 00:03:38,2021-07-18 23:48:35
2021-28,dresden,3,672,180,2021-07-12 00:03:49,2021-07-18 23:48:45
2021-28,dresdenkfz,4,672,617,2021-07-12 00:04:05,2021-07-18 23:49:00
2021-28,egelsbach,3,672,214,2021-07-12 00:04:06,2021-07-18 23:49:01
2021-28,frankfurt,15,672,1289,2021-07-12 00:04:11,2021-07-18 23:49:07
2021-28,friedrichsdorf,6,672,366,2021-07-12 00:04:13,2021-07-18 23:49:08
2021-28,grossumstadt,3,672,336,2021-07-12 00:04:14,2021-07-18 23:49:10
2021-28,heidelberg,5,672,532,2021-07-12 00:04:15,2021-07-18 23:49:11
2021-28,hornberg,1,672,120,2021-07-12 00:04:16,2021-07-18 23:49:11
2021-28,huenstetten,4,672,125,2021-07-12 00:04:17,2021-07-18 23:49:13
2021-28,huettenberg,9,672,213,2021-07-12 00:04:21,2021-07-18 23:49:17
2021-28,ilmkreis,1,672,0,2021-07-12 00:04:22,2021-07-18 23:49:17
2021-28,impfthueringen,77,672,24788,2021-07-12 00:00:00,2021-07-18 23:45:00
2021-28,jena,4,672,498,2021-07-12 00:04:23,2021-07-18 23:49:19
2021-28,kaiserslauternausl,2,672,0,2021-07-12 00:04:24,2021-07-18 23:49:19
2021-28,kassel,13,672,1067,2021-07-12 00:04:29,2021-07-18 23:49:24
2021-28,kelsterbach,2,672,258,2021-07-12 00:04:30,2021-07-18 23:49:25
2021-28,kreisbergstrasse,2,668,328,2021-07-12 00:04:53,2021-07-18 23:49:40
2021-28,kreisgermersheimkfz,1,672,57,2021-07-12 00:04:55,2021-07-18 23:49:41
2021-28,kreisgrossgerau,12,671,608,2021-07-12 00:04:59,2021-07-18 23:49:45
2021-28,kreiswesel,5,671,705,2021-07-12 00:05:02,2021-07-18 23:49:47
2021-28,leipzigstandesamt,3,672,77,2021-07-12 00:05:04,2021-07-18 23:49:49
2021-28,leun,19,671,218,2021-07-12 00:05:05,2021-07-18 23:49:50
2021-28,linsengericht,1,671,40,2021-07-12 00:05:05,2021-07-18 23:49:50
2021-28,magdeburg,27,672,907,2021-07-12 00:05:32,2021-07-18 23:50:07
2021-28,moerlenbach,1,672,89,2021-07-12 00:05:32,2021-07-18 23:50:08
2021-28,neuisenburg,1,672,64,2021-07-12 00:05:33,2021-07-18 23:50:08
2021-28,niedenstein,1,672,81,2021-07-12 00:05:33,2021-07-18 23:50:09
2021-28,nordhausen,2,672,166,2021-07-12 00:05:35,2021-07-18 23:50:11
2021-28,oberramstadt,6,672,591,2021-07-12 00:05:38,2021-07-18 23:50:13
2021-28,offenbach,9,672,889,2021-07-12 00:05:41,2021-07-18 23:50:16
2021-28,pfungstadt,2,672,230,2021-07-12 00:05:43,2021-07-18 23:50:17
2021-28,viernheim,1,672,146,2021-07-12 00:05:43,2021-07-18 23:50:18
2021-28,weimar,1,672,121,2021-07-12 00:05:44,2021-07-18 23:50:18
2021-28,weiterstadt,2,672,318,2021-07-12 00:05:45,2021-07-18 23:50:19
2021-29,bonn,3,668,755,2021-07-19 00:03:32,2021-07-25 23:48:18
2021-29,bonnbau,1,666,44,2021-07-19 00:03:37,2021-07-25 23:48:04
2021-29,dresden,3,668,177,2021-07-19 00:03:47,2021-07-25 23:48:07
2021-29,dresdenkfz,4,668,591,2021-07-19 00:04:02,2021-07-25 23:48:10
2021-29,egelsbach,3,668,148,2021-07-19 00:04:03,2021-07-25 23:48:03
2021-29,frankfurt,15,668,1127,2021-07-19 00:04:10,2021-07-25 23:48:17
2021-29,friedrichsdorf,18,668,397,2021-07-19 00:04:11,2021-07-25 23:48:24
2021-29,grossumstadt,3,668,357,2021-07-19 00:04:13,2021-07-25 23:48:26
2021-29,heidelberg,13,668,435,2021-07-19 00:04:14,2021-07-25 23:48:04
2021-29,hornberg,1,668,111,2021-07-19 00:04:15,2021-07-25 23:48:27
2021-29,huenstetten,4,668,138,2021-07-19 00:04:16,2021-07-25 23:48:29
2021-29,huettenberg,9,668,163,2021-07-19 00:04:20,2021-07-25 23:48:34
2021-29,ilmkreis,1,419,0,2021-07-19 00:04:21,2021-07-25 23:48:02
2021-29,impfthueringen,58,669,21844,2021-07-19 00:00:00,2021-07-25 23:45:00
2021-29,jena,12,668,664,2021-07-19 00:04:22,2021-07-25 23:48:04
2021-29,kaiserslauternausl,2,668,0,2021-07-19 00:04:23,2021-07-25 23:48:02
2021-29,kassel,14,668,1089,2021-07-19 00:04:28,2021-07-25 23:48:44
2021-29,kelsterbach,2,668,132,2021-07-19 00:04:29,2021-07-25 23:48:45
2021-29,kreisbergstrasse,2,664,313,2021-07-19 00:04:45,2021-07-25 23:48:07
2021-29,kreisgermersheimkfz,1,668,16,2021-07-19 00:04:46,2021-07-25 23:48:02
2021-29,kreisgrossgerau,12,630,632,2021-07-19 00:04:50,2021-07-25 23:48:52
2021-29,kreiswesel,5,666,879,2021-07-19 00:04:52,2021-07-25 23:48:04
2021-29,leipzigstandesamt,3,668,81,2021-07-19 00:04:54,2021-07-25 23:48:03
2021-29,leun,3,488,167,2021-07-19 00:04:55,2021-07-24 21:04:04
2021-29,linsengericht,1,486,35,2021-07-19 00:04:55,2021-07-24 21:04:05
2021-29,magdeburg,27,668,869,2021-07-19 00:05:13,2021-07-25 23:48:11
2021-29,moerlenbach,1,486,90,2021-07-19 00:05:13,2021-07-24 21:04:06
2021-29,neuisenburg,1,485,75,2021-07-19 00:05:14,2021-07-24 02:19:13
2021-29,niedenstein,1,484,58,2021-07-19 00:05:14,2021-07-24 02:03:42
2021-29,nordhausen,2,668,218,2021-07-19 00:05:16,2021-07-25 23:48:05
2021-29,oberramstadt,6,484,522,2021-07-19 00:05:19,2021-07-24 02:03:47
2021-29,offenbach,9,484,553,2021-07-19 00:05:23,2021-07-24 02:03:48
2021-29,pfungstadt,2,484,270,2021-07-19 00:05:24,2021-07-24 02:03:50
2021-29,viernheim,1,484,160,2021-07-19 00:05:24,2021-07-24 02:03:51
2021-29,weimar,1,668,195,2021-07-19 00:05:25,2021-07-25 23:48:02
2021-29,weiterstadt,2,452,245,2021-07-19 00:05:26,2021-07-24 02:03:53
2021-30,amberg,4,672,282,2021-07-26 00:03:02,2021-08-01 23:48:04
2021-30,badkreuznach,4,666,402,2021-07-26 00:03:10,2021-08-01 23:48:09
2021-30,bbmess,2,233,20,2021-07-26 00:03:02,2021-08-01 23:48:03
2021-30,bernkastelwittlich,3,669,436,2021-07-26 00:03:17,2021-08-01 23:48:14
2021-30,billerbeck,3,672,153,2021-07-26 00:03:04,2021-08-01 23:48:13
2021-30,blankenburg,2,672,89,2021-07-26 00:03:04,2021-08-01 23:48:15
2021-30,bonn,3,672,726,2021-07-26 00:03:18,2021-08-01 23:48:32
2021-30,bonnbau,1,672,46,2021-07-26 00:03:04,2021-08-01 23:48:06
2021-30,bonnjob,4,672,170,2021-07-26 00:03:05,2021-08-01 23:48:17
2021-30,braunschweigtest,1,637,59,2021-07-26 00:03:05,2021-08-01 15:03:18
2021-30,burgendlandkaa,1,672,14,2021-07-26 00:03:06,2021-08-01 23:48:18
2021-30,butzbach,2,672,149,2021-07-26 00:03:06,2021-08-01 23:48:18
2021-30,cochemzell,6,670,414,2021-07-26 00:03:27,2021-08-01 23:48:25
2021-30,coesfeld,2,672,71,2021-07-26 00:03:07,2021-08-01 23:48:20
2021-30,daunvg,1,667,50,2021-07-26 00:03:07,2021-08-01 23:48:21
2021-30,dormagen,2,179,30,2021-07-26 08:18:09,2021-08-01 15:33:20
2021-30,dresden,3,671,169,2021-07-26 00:03:08,2021-08-01 23:48:17
2021-30,dresdenkfz,4,671,569,2021-07-26 00:03:11,2021-08-01 23:48:14
2021-30,duelmen,9,672,493,2021-07-26 00:03:22,2021-08-01 23:48:57
2021-30,egelsbach,3,669,102,2021-07-26 00:03:03,2021-08-01 23:48:03
2021-30,eislingen,16,665,497,2021-07-26 00:03:50,2021-08-01 23:48:51
2021-30,elitheratest,1,458,47,2021-07-26 00:03:22,2021-07-31 10:03:50
2021-30,frankenthal,4,669,284,2021-07-26 00:03:57,2021-08-01 23:48:59
2021-30,frankfurt,15,670,1889,2021-07-26 00:03:18,2021-08-01 23:48:16
2021-30,friedrichsdorf,16,670,514,2021-07-26 00:03:25,2021-08-01 23:48:25
2021-30,fuerthtest,1,672,288,2021-07-26 00:03:22,2021-08-01 23:48:58
2021-30,geldernsw,1,672,167,2021-07-26 00:03:23,2021-08-01 23:48:59
2021-30,goslartest,1,672,231,2021-07-26 00:03:24,2021-08-01 23:49:01
2021-30,graz,35,671,3109,2021-07-26 00:03:48,2021-08-01 23:51:15
2021-30,grazamt,10,672,665,2021-07-26 00:03:53,2021-08-01 23:51:19
2021-30,gronau,2,667,169,2021-07-26 00:04:01,2021-08-01 23:49:03
2021-30,grossumstadt,3,670,243,2021-07-26 00:03:27,2021-08-01 23:48:27
2021-30,halbersadt,2,672,35,2021-07-26 00:03:54,2021-08-01 23:51:22
2021-30,halle,22,672,1072,2021-07-26 00:03:31,2021-08-01 23:48:27
2021-30,hammersbachtest,3,672,725,2021-07-26 00:03:55,2021-08-01 23:51:28
2021-30,heidelberg,6,672,682,2021-07-26 00:03:04,2021-08-01 23:48:03
2021-30,hersfeldtest,1,672,170,2021-07-26 00:03:56,2021-08-01 23:51:30
2021-30,hof,3,667,278,2021-07-26 00:04:07,2021-08-01 23:49:09
2021-30,hornberg,1,670,104,2021-07-26 00:03:28,2021-08-01 23:48:27
2021-30,hsktest,1,672,154,2021-07-26 00:03:57,2021-08-01 23:51:33
2021-30,huenstetten,4,670,111,2021-07-26 00:03:30,2021-08-01 23:48:30
2021-30,huettenberg,9,670,133,2021-07-26 00:03:35,2021-08-01 23:48:36
2021-30,ilmkreis,1,672,0,2021-07-26 00:03:02,2021-08-01 23:48:02
2021-30,impfthueringen,71,672,26321,2021-07-26 00:00:00,2021-08-01 23:45:00
2021-30,ingelheim,1,669,132,2021-07-26 00:04:09,2021-08-01 23:49:10
2021-30,innsbruckpsych,1,344,3,2021-07-26 00:03:57,2021-07-29 13:49:05
2021-30,itzehoe,3,231,43,2021-07-26 15:19:04,2021-08-01 19:36:33
2021-30,jena,5,670,946,2021-07-26 00:03:04,2021-08-01 23:48:04
2021-30,kaiserslauternausl,2,672,0,2021-07-26 00:03:01,2021-08-01 23:48:02
2021-30,kassel,14,670,1662,2021-07-26 00:03:46,2021-08-01 23:48:49
2021-30,kelsterbach,1,670,38,2021-07-26 00:03:46,2021-08-01 23:48:51
2021-30,kreisbergstrasse,2,662,344,2021-07-26 00:03:08,2021-08-01 23:48:30
2021-30,kreisgermersheimkfz,1,672,32,2021-07-26 00:03:02,2021-08-01 23:48:04
2021-30,kreisgrossgerau,12,659,880,2021-07-26 00:03:53,2021-08-01 23:48:59
2021-30,kreissteinfurt,1,672,139,2021-07-26 00:03:58,2021-08-01 23:51:38
2021-30,kreiswesel,5,672,1176,2021-07-26 00:03:05,2021-08-01 23:48:05
2021-30,kvmayenkoblenz,5,667,539,2021-07-26 00:04:22,2021-08-01 23:49:19
2021-30,lehrte,7,672,526,2021-07-26 00:04:06,2021-08-01 23:51:57
2021-30,leipzig,22,672,1147,2021-07-26 00:03:13,2021-08-01 23:48:15
2021-30,leipzigstandesamt,3,672,77,2021-07-26 00:03:03,2021-08-01 23:48:04
2021-30,leun,3,96,29,2021-07-28 21:19:07,2021-08-01 23:49:02
2021-30,linsengericht,1,68,32,2021-07-28 21:19:09,2021-08-01 23:49:03
2021-30,loehne,16,666,808,2021-07-26 00:04:53,2021-08-01 23:49:49
2021-30,lramiesbach,3,669,311,2021-07-26 00:04:57,2021-08-01 23:49:53
2021-30,lramuenchenefa,2,666,113,2021-07-26 00:05:01,2021-08-01 23:49:56
2021-30,magdeburg,27,672,834,2021-07-26 00:03:10,2021-08-01 23:48:32
2021-30,mainz,16,672,1285,2021-07-26 00:03:22,2021-08-01 23:48:20
2021-30,minden,3,668,500,2021-07-26 00:05:06,2021-08-01 23:50:02
2021-30,mittenwalde,3,672,73,2021-07-26 00:04:06,2021-08-01 23:51:58
2021-30,moerlenbach,1,44,14,2021-07-28 21:19:10,2021-08-01 23:04:10
2021-30,neuisenburg,1,34,22,2021-07-28 21:19:12,2021-08-01 23:04:11
2021-30,niedenstein,1,24,13,2021-07-28 21:19:13,2021-08-01 23:04:12
2021-30,nordhausen,2,672,178,2021-07-26 00:03:05,2021-08-01 23:48:04
2021-30,oberasbach,1,20,8,2021-07-26 11:04:16,2021-07-28 13:49:18
2021-30,oberramstadt,6,6,14,2021-07-28 22:04:34,2021-07-31 02:19:25
2021-30,offenbach,13,5,2,2021-07-28 22:04:40,2021-07-31 02:19:34
2021-30,olfen,1,672,112,2021-07-26 00:04:18,2021-08-01 23:52:11
2021-30,paderborn,15,666,1471,2021-07-26 00:05:36,2021-08-01 23:50:31
2021-30,pfungstadt,2,1,0,2021-07-31 02:19:35,2021-07-31 02:19:35
2021-30,salzgitter,26,666,839,2021-07-26 00:06:21,2021-08-01 23:51:12
2021-30,schoenebeckelbe,1,668,28,2021-07-26 00:06:23,2021-08-01 23:51:16
2021-30,selm,2,155,4,2021-07-26 09:49:51,2021-08-01 23:52:11
2021-30,speyer,7,666,224,2021-07-26 00:06:26,2021-08-01 23:51:19
2021-30,stadtbergen,2,672,85,2021-07-26 00:04:20,2021-08-01 23:52:13
2021-30,stadtsoest,1,666,253,2021-07-26 00:06:28,2021-08-01 23:51:21
2021-30,steinburg,1,667,21,2021-07-26 00:06:32,2021-08-01 23:51:23
2021-30,teublitztest,1,672,103,2021-07-26 00:04:21,2021-08-01 23:52:15
2021-30,trier,5,664,266,2021-07-26 00:06:43,2021-08-01 23:51:33
2021-30,unna,2,667,202,2021-07-26 00:06:46,2021-08-01 23:51:37
2021-30,viernheim,1,1,0,2021-07-31 02:19:36,2021-07-31 02:19:36
2021-30,weilheimschongau,2,665,82,2021-07-26 00:06:51,2021-08-01 23:51:43
2021-30,weimar,1,672,223,2021-07-26 00:03:02,2021-08-01 23:48:03
2021-30,wiehl,1,5,1,2021-07-27 09:34:23,2021-07-28 09:19:21
2021-30,wittmund,3,662,189,2021-07-26 00:06:56,2021-08-01 23:51:48
2021-30,worms,6,666,648,2021-07-26 00:07:06,2021-08-01 23:51:58
2021-31,amberg,4,672,256,2021-08-02 00:03:05,2021-08-08 23:48:06
2021-31,badkreuznach,4,659,395,2021-08-02 00:03:09,2021-08-08 23:48:12
2021-31,bbmess,2,382,43,2021-08-02 00:03:03,2021-08-08 23:48:05
2021-31,bernkastelwittlich,3,666,457,2021-08-02 00:03:15,2021-08-08 23:48:18
2021-31,billerbeck,3,672,146,2021-08-02 00:03:13,2021-08-08 23:48:12
2021-31,blankenburg,2,672,127,2021-08-02 00:03:16,2021-08-08 23:48:13
2021-31,bonn,3,671,857,2021-08-02 00:03:33,2021-08-08 23:48:31
2021-31,bonnbau,1,671,45,2021-08-02 00:03:07,2021-08-08 23:48:07
2021-31,bonnjob,4,672,172,2021-08-02 00:03:17,2021-08-08 23:48:20
2021-31,burgendlandkaa,1,672,16,2021-08-02 00:03:18,2021-08-08 23:48:20
2021-31,butzbach,2,672,117,2021-08-02 00:03:21,2021-08-08 23:48:21
2021-31,cochemzell,6,665,396,2021-08-02 00:03:29,2021-08-08 23:48:27
2021-31,coesfeld,2,672,97,2021-08-02 00:03:25,2021-08-08 23:48:23
2021-31,daunvg,1,664,33,2021-08-02 00:03:27,2021-08-08 23:48:24
2021-31,dormagen,2,178,39,2021-08-02 10:03:20,2021-08-08 12:48:16
2021-31,dresden,3,671,185,2021-08-02 00:03:17,2021-08-08 23:48:15
2021-31,dresdenkfz,4,672,602,2021-08-02 00:03:17,2021-08-08 23:48:18
2021-31,duelmen,9,672,524,2021-08-02 00:04:05,2021-08-08 23:48:48
2021-31,egelsbach,3,671,49,2021-08-02 00:03:04,2021-08-08 23:48:03
2021-31,eislingen,16,659,627,2021-08-02 00:03:57,2021-08-08 23:48:58
2021-31,frankenthal,4,661,236,2021-08-02 00:04:05,2021-08-08 23:49:06
2021-31,frankfurt,14,672,1895,2021-08-02 00:03:16,2021-08-08 23:48:18
2021-31,friedrichsdorf,8,672,575,2021-08-02 00:03:22,2021-08-08 23:48:26
2021-31,fuerthtest,1,672,256,2021-08-02 00:04:07,2021-08-08 23:48:54
2021-31,geldernsw,1,671,167,2021-08-02 00:04:08,2021-08-08 23:48:56
2021-31,goslartest,1,671,261,2021-08-02 00:04:10,2021-08-08 23:48:58
2021-31,graz,37,670,3281,2021-08-02 00:06:35,2021-08-08 23:50:11
2021-31,grazamt,10,671,723,2021-08-02 00:06:39,2021-08-08 23:50:14
2021-31,gronau,2,663,180,2021-08-02 00:04:09,2021-08-08 23:49:12
2021-31,grossumstadt,3,672,226,2021-08-02 00:03:24,2021-08-08 23:48:28
2021-31,halbersadt,2,671,44,2021-08-02 00:06:41,2021-08-08 23:50:16
2021-31,halle,22,672,951,2021-08-02 00:03:30,2021-08-08 23:48:26
2021-31,hammersbachtest,3,672,768,2021-08-02 00:06:47,2021-08-08 23:50:20
2021-31,heidelberg,5,672,625,2021-08-02 00:03:04,2021-08-08 23:48:06
2021-31,hersfeldtest,1,672,129,2021-08-02 00:06:50,2021-08-08 23:50:22
2021-31,hof,3,662,293,2021-08-02 00:04:18,2021-08-08 23:49:19
2021-31,hornberg,1,672,87,2021-08-02 00:03:24,2021-08-08 23:48:29
2021-31,hsktest,1,672,146,2021-08-02 00:06:53,2021-08-08 23:50:24
2021-31,huenstetten,4,672,134,2021-08-02 00:03:27,2021-08-08 23:48:33
2021-31,huettenberg,9,672,134,2021-08-02 00:03:31,2021-08-08 23:48:39
2021-31,ilmkreis,2,669,0,2021-08-02 00:03:02,2021-08-08 23:48:03
2021-31,impfthueringen,91,672,25737,2021-08-02 00:00:00,2021-08-08 23:45:00
2021-31,ingelheim,1,669,145,2021-08-02 00:04:20,2021-08-08 23:49:20
2021-31,innsbruckpsych,1,195,3,2021-08-02 12:20:25,2021-08-06 10:05:35
2021-31,itzehoe,3,205,46,2021-08-02 06:51:09,2021-08-08 20:05:22
2021-31,jena,5,672,906,2021-08-02 00:03:05,2021-08-08 23:48:05
2021-31,kaiserslauternausl,2,672,0,2021-08-02 00:03:02,2021-08-08 23:48:03
2021-31,kassel,14,672,1568,2021-08-02 00:03:41,2021-08-08 23:48:50
2021-31,kelsterbach,1,672,60,2021-08-02 00:03:43,2021-08-08 23:48:50
2021-31,kreisbergstrasse,2,661,331,2021-08-02 00:03:15,2021-08-08 23:49:20
2021-31,kreisgermersheimkfz,1,672,66,2021-08-02 00:03:04,2021-08-08 23:48:04
2021-31,kreisgrossgerau,12,672,1108,2021-08-02 00:03:50,2021-08-08 23:48:57
2021-31,kreissteinfurt,1,672,91,2021-08-02 00:06:57,2021-08-08 23:50:26
2021-31,kreiswesel,5,672,1128,2021-08-02 00:03:05,2021-08-08 23:48:04
2021-31,kvmayenkoblenz,5,664,600,2021-08-02 00:04:30,2021-08-08 23:49:30
2021-31,lehrte,7,672,577,2021-08-02 00:07:18,2021-08-08 23:50:38
2021-31,leipzig,22,672,1429,2021-08-02 00:03:15,2021-08-08 23:48:19
2021-31,leipzigstandesamt,3,672,82,2021-08-02 00:03:05,2021-08-08 23:48:04
2021-31,leun,3,162,88,2021-08-02 00:33:59,2021-08-08 23:19:03
2021-31,linsengericht,1,105,44,2021-08-02 01:19:02,2021-08-08 22:19:05
2021-31,loehne,16,658,850,2021-08-02 00:05:01,2021-08-08 23:50:01
2021-31,lramiesbach,3,662,316,2021-08-02 00:05:05,2021-08-08 23:50:06
2021-31,lramuenchenefa,4,663,91,2021-08-02 00:05:12,2021-08-08 23:50:10
2021-31,magdeburg,27,672,887,2021-08-02 00:03:32,2021-08-08 23:48:26
2021-31,mainz,16,672,1339,2021-08-02 00:03:21,2021-08-08 23:48:21
2021-31,minden,3,665,532,2021-08-02 00:05:17,2021-08-08 23:50:17
2021-31,mittenwalde,3,672,75,2021-08-02 00:07:19,2021-08-08 23:50:38
2021-31,moerlenbach,1,77,27,2021-08-02 01:19:04,2021-08-08 22:19:06
2021-31,neuisenburg,1,62,41,2021-08-02 01:19:05,2021-08-08 22:19:07
2021-31,niedenstein,1,47,22,2021-08-02 01:19:06,2021-08-08 22:19:08
2021-31,nordhausen,2,672,222,2021-08-02 00:03:05,2021-08-08 23:48:05
2021-31,oberasbach,1,1,0,2021-08-02 08:07:02,2021-08-02 08:07:02
2021-31,oberramstadt,5,14,23,2021-08-02 21:19:14,2021-08-08 22:04:31
2021-31,offenbach,9,10,24,2021-08-03 17:20:48,2021-08-08 22:04:35
2021-31,olfen,1,672,102,2021-08-02 00:07:32,2021-08-08 23:50:48
2021-31,paderborn,15,660,1435,2021-08-02 00:05:48,2021-08-08 23:50:44
2021-31,pfungstadt,2,5,7,2021-08-03 17:20:50,2021-08-07 22:04:44
2021-31,salzgitter,26,659,777,2021-08-02 00:06:36,2021-08-08 23:51:35
2021-31,schoenebeckelbe,1,667,50,2021-08-02 00:06:38,2021-08-08 23:51:37
2021-31,selm,2,198,8,2021-08-02 00:07:33,2021-08-08 14:35:34
2021-31,speyer,5,667,209,2021-08-02 00:06:41,2021-08-08 23:51:40
2021-31,stadtbergen,2,672,47,2021-08-02 00:07:34,2021-08-08 23:50:51
2021-31,stadtsoest,1,669,211,2021-08-02 00:06:44,2021-08-08 23:51:42
2021-31,steinburg,1,667,21,2021-08-02 00:06:46,2021-08-08 23:51:46
2021-31,teublitztest,1,672,123,2021-08-02 00:07:36,2021-08-08 23:50:56
2021-31,trier,5,663,242,2021-08-02 00:06:58,2021-08-08 23:51:56
2021-31,unna,2,665,194,2021-08-02 00:07:02,2021-08-08 23:51:59
2021-31,viernheim,1,5,3,2021-08-03 17:20:50,2021-08-07 22:04:45
2021-31,weilheimschongau,2,665,99,2021-08-02 00:07:05,2021-08-08 23:52:03
2021-31,weimar,1,672,220,2021-08-02 00:03:03,2021-08-08 23:48:04
2021-31,weiterstadt,2,5,8,2021-08-03 17:20:52,2021-08-07 22:04:47
2021-31,wiehl,1,20,2,2021-08-02 08:52:22,2021-08-05 16:20:46
2021-31,wittmund,6,663,194,2021-08-02 00:07:12,2021-08-08 23:52:10
2021-31,worms,6,662,571,2021-08-02 00:07:24,2021-08-08 23:52:21
2021-32,amberg,4,671,249,2021-08-09 00:03:04,2021-08-15 23:48:04
2021-32,badkreuznach,4,672,408,2021-08-09 00:03:11,2021-08-15 23:48:08
2021-32,bbmess,2,661,64,2021-08-09 00:03:03,2021-08-15 23:48:03
2021-32,bernkastelwittlich,3,672,454,2021-08-09 00:03:16,2021-08-15 23:48:12
2021-32,billerbeck,3,672,154,2021-08-09 00:03:10,2021-08-15 23:48:08
2021-32,blankenburg,2,672,122,2021-08-09 00:03:11,2021-08-15 23:48:09
2021-32,bonn,3,672,789,2021-08-09 00:03:31,2021-08-15 23:48:59
2021-32,bonnbau,1,672,45,2021-08-09 00:03:07,2021-08-15 23:48:06
2021-32,bonnjob,4,672,172,2021-08-09 00:03:12,2021-08-15 23:48:10
2021-32,burgendlandkaa,1,672,16,2021-08-09 00:03:12,2021-08-15 23:48:11
2021-32,butzbach,2,672,91,2021-08-09 00:03:13,2021-08-15 23:48:11
2021-32,cochemzell,6,672,357,2021-08-09 00:03:27,2021-08-15 23:48:22
2021-32,coesfeld,2,672,85,2021-08-09 00:03:15,2021-08-15 23:48:13
2021-32,daunvg,1,323,25,2021-08-09 00:03:18,2021-08-15 18:48:25
2021-32,dormagen,2,194,35,2021-08-09 08:33:18,2021-08-15 23:48:16
2021-32,dresden,3,670,154,2021-08-09 00:03:13,2021-08-15 23:48:19
2021-32,dresdenkfz,4,670,601,2021-08-09 00:03:18,2021-08-15 23:48:21
2021-32,duelmen,9,672,522,2021-08-09 00:04:00,2021-08-15 23:48:38
2021-32,egelsbach,3,670,51,2021-08-09 00:03:03,2021-08-15 23:48:03
2021-32,eislingen,16,672,589,2021-08-09 00:03:54,2021-08-15 23:48:46
2021-32,frankenthal,4,672,232,2021-08-09 00:04:00,2021-08-15 23:48:54
2021-32,frankfurt,14,672,2142,2021-08-09 00:03:18,2021-08-15 23:48:14
2021-32,friedrichsdorf,8,672,468,2021-08-09 00:03:27,2021-08-15 23:48:20
2021-32,fuerthtest,1,672,221,2021-08-09 00:04:02,2021-08-15 23:48:39
2021-32,geldernsw,2,672,169,2021-08-09 00:04:12,2021-08-15 23:48:40
2021-32,goslartest,1,672,250,2021-08-09 00:04:15,2021-08-15 23:48:42
2021-32,graz,37,671,3667,2021-08-09 00:05:49,2021-08-15 23:50:07
2021-32,grazamt,10,672,702,2021-08-09 00:05:52,2021-08-15 23:50:09
2021-32,grazuni,1,375,33,2021-08-12 02:19:47,2021-08-15 23:50:10
2021-32,gronau,8,672,241,2021-08-09 00:04:06,2021-08-15 23:49:06
2021-32,grossumstadt,3,672,227,2021-08-09 00:03:29,2021-08-15 23:48:22
2021-32,halbersadt,2,672,31,2021-08-09 00:05:54,2021-08-15 23:50:12
2021-32,halle,22,672,1003,2021-08-09 00:03:20,2021-08-15 23:48:21
2021-32,hammersbachtest,3,672,767,2021-08-09 00:05:57,2021-08-15 23:50:16
2021-32,heidelberg,6,672,610,2021-08-09 00:03:03,2021-08-15 23:48:04
2021-32,hersfeldtest,1,672,107,2021-08-09 00:06:05,2021-08-15 23:50:17
2021-32,hof,3,672,279,2021-08-09 00:04:12,2021-08-15 23:49:11
2021-32,hornberg,1,672,88,2021-08-09 00:03:30,2021-08-15 23:48:22
2021-32,hsktest,1,672,145,2021-08-09 00:06:07,2021-08-15 23:50:20
2021-32,huenstetten,4,672,111,2021-08-09 00:03:32,2021-08-15 23:48:25
2021-32,huettenberg,9,672,150,2021-08-09 00:03:39,2021-08-15 23:48:29
2021-32,ilmkreis,1,672,0,2021-08-09 00:03:02,2021-08-15 23:48:02
2021-32,impfthueringen,92,672,28323,2021-08-09 00:00:00,2021-08-15 23:45:00
2021-32,ingelheim,1,672,134,2021-08-09 00:04:20,2021-08-15 23:49:13
2021-32,itzehoe,3,192,20,2021-08-09 00:06:10,2021-08-15 11:19:45
2021-32,jena,5,672,859,2021-08-09 00:03:06,2021-08-15 23:48:05
2021-32,kaiserslauternausl,2,672,0,2021-08-09 00:03:02,2021-08-15 23:48:02
2021-32,kassel,14,672,1593,2021-08-09 00:03:51,2021-08-15 23:48:37
2021-32,kelsterbach,1,672,75,2021-08-09 00:03:52,2021-08-15 23:48:37
2021-32,kreisbergstrasse,2,658,333,2021-08-09 00:03:14,2021-08-15 23:48:42
2021-32,kreisgermersheimkfz,1,672,88,2021-08-09 00:03:03,2021-08-15 23:48:03
2021-32,kreisgrossgerau,12,598,1001,2021-08-09 00:04:01,2021-08-15 23:48:43
2021-32,kreissteinfurt,1,233,30,2021-08-09 00:06:12,2021-08-11 10:05:11
2021-32,kreiswesel,4,672,1083,2021-08-09 00:03:05,2021-08-15 23:48:04
2021-32,kvmayenkoblenz,5,672,561,2021-08-09 00:04:33,2021-08-15 23:49:22
2021-32,lehrte,7,672,516,2021-08-09 00:06:24,2021-08-15 23:50:31
2021-32,leipzig,22,672,1763,2021-08-09 00:03:14,2021-08-15 23:48:15
2021-32,leipzigstandesamt,3,672,93,2021-08-09 00:03:04,2021-08-15 23:48:03
2021-32,leun,6,171,90,2021-08-09 00:04:03,2021-08-14 14:34:00
2021-32,linsengericht,1,130,69,2021-08-09 00:04:05,2021-08-14 14:34:02
2021-32,loehne,64,672,830,2021-08-09 00:05:03,2021-08-15 23:49:53
2021-32,lramiesbach,3,672,350,2021-08-09 00:05:16,2021-08-15 23:49:58
2021-32,lramuenchenefa,4,672,99,2021-08-09 00:05:23,2021-08-15 23:50:01
2021-32,magdeburg,27,672,970,2021-08-09 00:03:26,2021-08-15 23:48:20
2021-32,mainz,16,671,1401,2021-08-09 00:03:22,2021-08-15 23:48:21
2021-32,minden,3,672,536,2021-08-09 00:05:29,2021-08-15 23:50:06
2021-32,mittenwalde,3,672,70,2021-08-09 00:06:25,2021-08-15 23:50:32
2021-32,moerlenbach,1,95,37,2021-08-09 00:04:06,2021-08-14 14:34:03
2021-32,neuisenburg,1,80,36,2021-08-09 00:04:07,2021-08-14 13:04:03
2021-32,niedenstein,1,66,30,2021-08-09 00:04:09,2021-08-14 04:19:11
2021-32,nordhausen,2,672,198,2021-08-09 00:03:05,2021-08-15 23:48:05
2021-32,oberasbach,1,2,1,2021-08-12 09:20:53,2021-08-13 08:50:10
2021-32,oberramstadt,5,19,41,2021-08-09 00:04:21,2021-08-13 23:34:21
2021-32,offenbach,9,13,54,2021-08-09 00:04:28,2021-08-13 23:34:31
2021-32,olfen,1,672,119,2021-08-09 00:06:34,2021-08-15 23:50:45
2021-32,paderborn,15,672,1534,2021-08-09 00:05:58,2021-08-15 23:50:35
2021-32,pfungstadt,2,8,13,2021-08-09 00:04:30,2021-08-13 23:34:33
2021-32,salzgitter,26,672,831,2021-08-09 00:06:44,2021-08-15 23:51:18
2021-32,schoenebeckelbe,1,672,54,2021-08-09 00:06:49,2021-08-15 23:51:21
2021-32,selm,2,208,23,2021-08-10 11:36:58,2021-08-12 16:35:37
2021-32,speyer,4,672,120,2021-08-09 00:06:53,2021-08-15 23:51:23
2021-32,stadtbergen,2,672,92,2021-08-09 00:06:37,2021-08-15 23:50:47
2021-32,stadtsoest,1,672,213,2021-08-09 00:06:55,2021-08-15 23:51:25
2021-32,steinburg,1,672,21,2021-08-09 00:06:57,2021-08-15 23:51:28
2021-32,teublitztest,1,672,139,2021-08-09 00:06:39,2021-08-15 23:50:49
2021-32,trier,5,672,240,2021-08-09 00:07:08,2021-08-15 23:51:40
2021-32,unna,2,672,181,2021-08-09 00:07:14,2021-08-15 23:51:43
2021-32,viernheim,1,7,6,2021-08-09 00:04:31,2021-08-13 23:34:34
2021-32,weilheimschongau,2,672,97,2021-08-09 00:07:18,2021-08-15 23:51:47
2021-32,weimar,1,672,160,2021-08-09 00:03:03,2021-08-15 23:48:03
2021-32,weiterstadt,2,6,10,2021-08-09 00:04:34,2021-08-09 15:34:56
2021-32,wiehl,1,66,1,2021-08-10 11:50:47,2021-08-13 08:05:18
2021-32,wittmund,3,672,199,2021-08-09 00:07:25,2021-08-15 23:51:53
2021-32,worms,6,672,567,2021-08-09 00:07:37,2021-08-15 23:52:04
2021-33,amberg,4,672,243,2021-08-16 00:03:05,2021-08-22 23:48:04
2021-33,badkreuznach,4,672,394,2021-08-16 00:03:10,2021-08-22 23:48:10
2021-33,bbmess,2,672,78,2021-08-16 00:03:03,2021-08-22 23:48:02
2021-33,bernkastelwittlich,3,672,428,2021-08-16 00:03:15,2021-08-22 23:48:16
2021-33,billerbeck,3,672,129,2021-08-16 00:03:15,2021-08-22 23:48:05
2021-33,blankenburg,2,672,123,2021-08-16 00:03:17,2021-08-22 23:48:06
2021-33,bonn,3,671,757,2021-08-16 00:03:58,2021-08-22 23:48:40
2021-33,bonnbau,1,672,44,2021-08-16 00:03:07,2021-08-22 23:48:05
2021-33,bonnjob,4,672,160,2021-08-16 00:03:18,2021-08-22 23:48:06
2021-33,burgendlandkaa,1,672,16,2021-08-16 00:03:18,2021-08-22 23:48:07
2021-33,butzbach,2,672,103,2021-08-16 00:03:19,2021-08-22 23:48:07
2021-33,cochemzell,6,672,424,2021-08-16 00:03:26,2021-08-22 23:48:28
2021-33,coesfeld,2,672,88,2021-08-16 00:03:20,2021-08-22 23:48:08
2021-33,daunvg,1,331,14,2021-08-17 09:03:13,2021-08-22 23:48:10
2021-33,dormagen,2,233,41,2021-08-16 00:03:23,2021-08-22 22:03:09
2021-33,dresden,3,672,158,2021-08-16 00:03:19,2021-08-22 23:48:12
2021-33,dresdenkfz,4,672,537,2021-08-16 00:03:23,2021-08-22 23:48:13
2021-33,duelmen,7,672,529,2021-08-16 00:04:04,2021-08-22 23:48:21
2021-33,egelsbach,3,153,11,2021-08-16 00:03:03,2021-08-17 14:33:04
2021-33,eislingen,16,672,567,2021-08-16 00:03:51,2021-08-22 23:48:55
2021-33,frankenthal,4,672,246,2021-08-16 00:03:57,2021-08-22 23:49:02
2021-33,frankfurt,14,153,670,2021-08-16 00:03:13,2021-08-17 14:33:14
2021-33,friedrichsdorf,9,153,189,2021-08-16 00:03:18,2021-08-17 14:33:19
2021-33,fuerthtest,1,672,219,2021-08-16 00:04:06,2021-08-22 23:48:21
2021-33,geldernsw,2,672,168,2021-08-16 00:04:06,2021-08-22 23:48:22
2021-33,goslartest,1,672,268,2021-08-16 00:04:08,2021-08-22 23:48:23
2021-33,graz,39,671,4057,2021-08-16 00:05:45,2021-08-22 23:48:57
2021-33,grazamt,10,672,814,2021-08-16 00:05:47,2021-08-22 23:48:58
2021-33,grazuni,1,672,80,2021-08-16 00:05:48,2021-08-22 23:48:59
2021-33,gronau,8,672,363,2021-08-16 00:04:11,2021-08-22 23:49:18
2021-33,grossumstadt,3,154,82,2021-08-16 00:03:20,2021-08-17 14:33:21
2021-33,halbersadt,2,672,27,2021-08-16 00:05:50,2021-08-22 23:49:00
2021-33,halle,22,672,967,2021-08-16 00:03:20,2021-08-22 23:48:26
2021-33,hammersbachtest,3,672,855,2021-08-16 00:05:54,2021-08-22 23:49:01
2021-33,heidelberg,21,671,587,2021-08-16 00:03:04,2021-08-22 23:48:04
2021-33,hersfeldtest,1,672,127,2021-08-16 00:05:55,2021-08-22 23:49:02
2021-33,hof,3,672,271,2021-08-16 00:04:17,2021-08-22 23:49:24
2021-33,hornberg,1,154,33,2021-08-16 00:03:20,2021-08-17 14:33:21
2021-33,hsktest,1,672,137,2021-08-16 00:05:57,2021-08-22 23:49:03
2021-33,huenstetten,4,154,56,2021-08-16 00:03:22,2021-08-17 14:33:24
2021-33,huettenberg,9,154,58,2021-08-16 00:03:27,2021-08-17 14:33:30
2021-33,ilmkreis,1,672,0,2021-08-16 00:03:02,2021-08-22 23:48:02
2021-33,impfthueringen,80,672,23915,2021-08-16 00:00:00,2021-08-22 23:45:00
2021-33,ingelheim,1,672,117,2021-08-16 00:04:19,2021-08-22 23:49:27
2021-33,innsbruckpsych,1,113,4,2021-08-16 09:20:12,2021-08-17 13:19:35
2021-33,itzehoe,3,300,37,2021-08-16 06:34:43,2021-08-22 23:49:04
2021-33,jena,5,672,912,2021-08-16 00:03:07,2021-08-22 23:48:05
2021-33,kaiserslauternausl,2,671,0,2021-08-16 00:03:02,2021-08-22 23:48:02
2021-33,kassel,14,154,565,2021-08-16 00:03:34,2021-08-17 14:33:36
2021-33,kelsterbach,1,154,12,2021-08-16 00:03:35,2021-08-17 14:33:37
2021-33,kreisbergstrasse,2,662,350,2021-08-16 00:03:15,2021-08-22 23:49:03
2021-33,kreisgermersheimkfz,1,671,69,2021-08-16 00:03:03,2021-08-22 23:48:02
2021-33,kreisgrossgerau,12,91,208,2021-08-16 00:18:40,2021-08-17 13:48:44
2021-33,kreiswesel,4,672,1088,2021-08-16 00:03:05,2021-08-22 23:48:04
2021-33,kvmayenkoblenz,5,672,558,2021-08-16 00:04:28,2021-08-22 23:49:38
2021-33,lehrte,7,672,498,2021-08-16 00:06:10,2021-08-22 23:49:08
2021-33,leipzig,22,671,1511,2021-08-16 00:03:14,2021-08-22 23:48:14
2021-33,leipzigstandesamt,3,672,91,2021-08-16 00:03:03,2021-08-22 23:48:03
2021-33,leun,3,2,0,2021-08-16 19:18:54,2021-08-17 00:22:10
2021-33,linsengericht,2,1,0,2021-08-17 00:22:11,2021-08-17 00:22:11
2021-33,loehne,16,671,862,2021-08-16 00:05:03,2021-08-22 23:50:10
2021-33,lramiesbach,3,672,302,2021-08-16 00:05:09,2021-08-22 23:50:16
2021-33,lramuenchenefa,2,672,116,2021-08-16 00:05:13,2021-08-22 23:50:21
2021-33,magdeburg,27,672,763,2021-08-16 00:03:20,2021-08-22 23:48:18
2021-33,mainz,16,672,1402,2021-08-16 00:03:25,2021-08-22 23:48:23
2021-33,minden,3,672,610,2021-08-16 00:05:19,2021-08-22 23:50:27
2021-33,mittenwalde,3,672,79,2021-08-16 00:06:10,2021-08-22 23:49:09
2021-33,moerlenbach,1,1,0,2021-08-17 00:22:12,2021-08-17 00:22:12
2021-33,neuisenburg,1,1,0,2021-08-17 00:22:13,2021-08-17 00:22:13
2021-33,niedenstein,1,1,0,2021-08-17 00:22:13,2021-08-17 00:22:13
2021-33,nordhausen,2,672,216,2021-08-16 00:03:05,2021-08-22 23:48:04
2021-33,oberasbach,2,243,21,2021-08-16 09:20:25,2021-08-22 18:19:13
2021-33,oberramstadt,5,1,0,2021-08-17 00:22:17,2021-08-17 00:22:17
2021-33,offenbach,4,1,0,2021-08-17 00:22:22,2021-08-17 00:22:22
2021-33,olfen,1,672,127,2021-08-16 00:06:24,2021-08-22 23:49:43
2021-33,paderborn,15,672,1506,2021-08-16 00:05:45,2021-08-22 23:50:57
2021-33,salzgitter,26,672,787,2021-08-16 00:06:35,2021-08-22 23:51:48
2021-33,schoenebeckelbe,1,671,46,2021-08-16 00:06:38,2021-08-22 23:51:50
2021-33,selm,2,341,11,2021-08-16 13:05:27,2021-08-22 16:04:45
2021-33,speyer,3,672,117,2021-08-16 00:06:40,2021-08-22 23:51:53
2021-33,stadtbergen,2,672,62,2021-08-16 00:06:26,2021-08-22 23:49:45
2021-33,stadtsoest,1,672,226,2021-08-16 00:06:43,2021-08-22 23:51:55
2021-33,steinburg,1,672,21,2021-08-16 00:06:45,2021-08-22 23:51:59
2021-33,teublitztest,1,672,123,2021-08-16 00:06:28,2021-08-22 23:49:46
2021-33,trier,5,671,264,2021-08-16 00:06:56,2021-08-22 23:52:09
2021-33,unna,2,672,175,2021-08-16 00:06:59,2021-08-22 23:52:13
2021-33,weilheimschongau,2,672,94,2021-08-16 00:07:02,2021-08-22 23:52:16
2021-33,weimar,1,672,182,2021-08-16 00:03:03,2021-08-22 23:48:02
2021-33,wittmund,3,672,201,2021-08-16 00:07:07,2021-08-22 23:52:22
2021-33,worms,6,672,589,2021-08-16 00:07:19,2021-08-22 23:52:34
2021-34,amberg,4,672,239,2021-08-23 00:03:05,2021-08-29 23:48:04
2021-34,badkreuznach,4,672,388,2021-08-23 00:03:11,2021-08-29 23:48:09
2021-34,bbmess,2,672,82,2021-08-23 00:03:03,2021-08-29 23:48:03
2021-34,bernkastelwittlich,3,671,442,2021-08-23 00:03:15,2021-08-29 23:48:14
2021-34,billerbeck,3,672,159,2021-08-23 00:03:06,2021-08-29 23:48:05
2021-34,blankenburg,2,672,80,2021-08-23 00:03:06,2021-08-29 23:48:05
2021-34,bonn,3,672,753,2021-08-23 00:03:42,2021-08-29 23:48:27
2021-34,bonnbau,1,672,46,2021-08-23 00:03:06,2021-08-29 23:48:03
2021-34,bonnjob,4,672,106,2021-08-23 00:03:07,2021-08-29 23:48:06
2021-34,burgendlandkaa,1,672,13,2021-08-23 00:03:08,2021-08-29 23:48:07
2021-34,butzbach,2,672,130,2021-08-23 00:03:08,2021-08-29 23:48:07
2021-34,cochemzell,6,672,401,2021-08-23 00:03:27,2021-08-29 23:48:25
2021-34,coesfeld,2,672,61,2021-08-23 00:03:09,2021-08-29 23:48:08
2021-34,daunvg,1,672,31,2021-08-23 00:03:11,2021-08-29 23:48:09
2021-34,dormagen,5,396,138,2021-08-23 10:33:13,2021-08-29 17:48:09
2021-34,dresden,3,672,185,2021-08-23 00:03:12,2021-08-29 23:48:07
2021-34,dresdenkfz,4,672,550,2021-08-23 00:03:15,2021-08-29 23:48:09
2021-34,duelmen,9,671,502,2021-08-23 00:03:22,2021-08-29 23:48:22
2021-34,eislingen,16,671,688,2021-08-23 00:03:50,2021-08-29 23:48:49
2021-34,frankenthal,4,671,253,2021-08-23 00:03:58,2021-08-29 23:48:55
2021-34,fuerthtest,1,672,199,2021-08-23 00:03:23,2021-08-29 23:48:23
2021-34,geldernsw,1,672,167,2021-08-23 00:03:24,2021-08-29 23:48:23
2021-34,goslartest,1,672,249,2021-08-23 00:03:25,2021-08-29 23:48:24
2021-34,graz,39,672,3870,2021-08-23 00:04:00,2021-08-29 23:48:48
2021-34,grazamt,10,672,480,2021-08-23 00:04:02,2021-08-29 23:48:49
2021-34,grazuni,1,672,80,2021-08-23 00:04:03,2021-08-29 23:48:49
2021-34,gronau,8,671,332,2021-08-23 00:04:11,2021-08-29 23:49:10
2021-34,halbersadt,2,672,31,2021-08-23 00:04:04,2021-08-29 23:48:50
2021-34,halle,22,672,972,2021-08-23 00:03:23,2021-08-29 23:48:28
2021-34,hammersbachtest,3,672,877,2021-08-23 00:04:06,2021-08-29 23:48:51
2021-34,heidelberg,7,672,599,2021-08-23 00:03:05,2021-08-29 23:48:04
2021-34,hersfeldtest,1,672,203,2021-08-23 00:04:06,2021-08-29 23:48:54
2021-34,hof,3,671,279,2021-08-23 00:04:17,2021-08-29 23:49:16
2021-34,hsktest,1,672,155,2021-08-23 00:04:07,2021-08-29 23:48:54
2021-34,ilmkreis,1,672,0,2021-08-23 00:03:03,2021-08-29 23:48:02
2021-34,impfthueringen,50,672,15011,2021-08-23 00:00:00,2021-08-29 23:45:00
2021-34,ingelheim,1,671,164,2021-08-23 00:04:19,2021-08-29 23:49:17
2021-34,innsbruckpsych,1,37,0,2021-08-29 14:48:36,2021-08-29 23:48:54
2021-34,itzehoe,3,204,26,2021-08-23 00:04:08,2021-08-29 23:48:54
2021-34,jena,5,672,954,2021-08-23 00:03:06,2021-08-29 23:48:05
2021-34,kaiserslauternausl,2,672,0,2021-08-23 00:03:02,2021-08-29 23:48:02
2021-34,kreisbergstrasse,2,631,306,2021-08-23 00:03:10,2021-08-29 23:48:08
2021-34,kreisgermersheimkfz,1,669,13,2021-08-23 00:03:02,2021-08-29 23:48:02
2021-34,kreiswesel,4,668,1121,2021-08-23 00:03:05,2021-08-29 23:48:04
2021-34,kvmayenkoblenz,5,671,564,2021-08-23 00:04:30,2021-08-29 23:49:27
2021-34,lehrte,7,672,441,2021-08-23 00:04:12,2021-08-29 23:49:08
2021-34,leipzig,22,671,1588,2021-08-23 00:03:15,2021-08-29 23:48:14
2021-34,leipzigstandesamt,3,672,123,2021-08-23 00:03:03,2021-08-29 23:48:03
2021-34,loehne,16,671,809,2021-08-23 00:05:03,2021-08-29 23:49:57
2021-34,lramiesbach,3,671,342,2021-08-23 00:05:07,2021-08-29 23:50:01
2021-34,lramuenchenefa,2,671,186,2021-08-23 00:05:12,2021-08-29 23:50:04
2021-34,magdeburg,27,672,668,2021-08-23 00:03:21,2021-08-29 23:48:15
2021-34,mainz,16,671,1354,2021-08-23 00:03:21,2021-08-29 23:48:27
2021-34,minden,3,671,570,2021-08-23 00:05:17,2021-08-29 23:50:09
2021-34,mittenwalde,3,672,72,2021-08-23 00:04:13,2021-08-29 23:49:08
2021-34,nordhausen,2,672,192,2021-08-23 00:03:05,2021-08-29 23:48:04
2021-34,oberasbach,2,91,7,2021-08-23 12:19:18,2021-08-27 09:49:04
2021-34,olfen,1,671,118,2021-08-23 00:04:49,2021-08-29 23:49:38
2021-34,paderborn,15,671,1434,2021-08-23 00:05:42,2021-08-29 23:50:36
2021-34,salzgitter,26,671,883,2021-08-23 00:06:31,2021-08-29 23:51:19
2021-34,schoenebeckelbe,1,671,37,2021-08-23 00:06:36,2021-08-29 23:51:21
2021-34,selm,2,101,2,2021-08-23 12:04:54,2021-08-26 14:19:33
2021-34,speyer,3,671,153,2021-08-23 00:06:39,2021-08-29 23:51:24
2021-34,stadtbergen,2,672,82,2021-08-23 00:04:50,2021-08-29 23:49:41
2021-34,stadtsoest,1,671,247,2021-08-23 00:06:41,2021-08-29 23:51:26
2021-34,steinburg,2,671,23,2021-08-23 00:06:43,2021-08-29 23:51:31
2021-34,teublitztest,1,672,141,2021-08-23 00:04:51,2021-08-29 23:49:44
2021-34,trier,5,671,247,2021-08-23 00:06:52,2021-08-29 23:51:40
2021-34,unna,2,671,176,2021-08-23 00:06:55,2021-08-29 23:51:44
2021-34,weilheimschongau,2,671,98,2021-08-23 00:06:59,2021-08-29 23:51:48
2021-34,weimar,1,672,225,2021-08-23 00:03:03,2021-08-29 23:48:02
2021-34,wiehl,1,10,0,2021-08-26 14:04:43,2021-08-26 16:19:42
2021-34,wittmund,3,671,198,2021-08-23 00:07:03,2021-08-29 23:51:54
2021-34,worms,6,671,618,2021-08-23 00:07:16,2021-08-29 23:52:04
2021-35,amberg,4,672,264,2021-08-30 00:03:04,2021-09-05 23:48:04
2021-35,badkreuznach,4,672,420,2021-08-30 00:03:09,2021-09-05 23:48:09
2021-35,bbmess,2,672,87,2021-08-30 00:03:03,2021-09-05 23:48:04
2021-35,bernkastelwittlich,3,672,429,2021-08-30 00:03:14,2021-09-05 23:48:14
2021-35,billerbeck,2,672,98,2021-08-30 00:03:05,2021-09-05 23:48:07
2021-35,blankenburg,2,672,94,2021-08-30 00:03:05,2021-09-05 23:48:08
2021-35,bonn,3,671,783,2021-08-30 00:03:10,2021-09-05 23:48:31
2021-35,bonnbau,1,672,47,2021-08-30 00:03:03,2021-09-05 23:48:06
2021-35,bonnjob,4,672,163,2021-08-30 00:03:06,2021-09-05 23:48:09
2021-35,burgendlandkaa,1,672,16,2021-08-30 00:03:07,2021-09-05 23:48:10
2021-35,butzbach,2,672,123,2021-08-30 00:03:07,2021-09-05 23:48:10
2021-35,cochemzell,6,672,420,2021-08-30 00:03:26,2021-09-05 23:48:25
2021-35,coesfeld,2,672,93,2021-08-30 00:03:08,2021-09-05 23:48:12
2021-35,daunvg,1,672,33,2021-08-30 00:03:09,2021-09-05 23:48:13
2021-35,dormagen,2,6,3,2021-08-30 16:18:12,2021-09-04 09:03:16
2021-35,dresden,3,672,162,2021-08-30 00:03:07,2021-09-05 23:48:16
2021-35,dresdenkfz,4,672,558,2021-08-30 00:03:09,2021-09-05 23:48:19
2021-35,duelmen,9,672,578,2021-08-30 00:03:23,2021-09-05 23:48:36
2021-35,eislingen,16,672,613,2021-08-30 00:03:52,2021-09-05 23:48:49
2021-35,frankenthal,4,672,250,2021-08-30 00:03:59,2021-09-05 23:48:55
2021-35,fuerthtest,1,672,225,2021-08-30 00:03:23,2021-09-05 23:48:37
2021-35,geldernsw,1,672,167,2021-08-30 00:03:24,2021-09-05 23:48:38
2021-35,goslartest,1,672,282,2021-08-30 00:03:24,2021-09-05 23:48:40
2021-35,graz,42,670,3774,2021-08-30 00:03:50,2021-09-05 23:49:57
2021-35,grazamt,10,671,587,2021-08-30 00:03:51,2021-09-05 23:50:00
2021-35,grazuni,1,672,83,2021-08-30 00:03:51,2021-09-05 23:50:02
2021-35,gronau,8,672,351,2021-08-30 00:04:14,2021-09-05 23:49:09
2021-35,halbersadt,2,672,27,2021-08-30 00:03:52,2021-09-05 23:50:02
2021-35,halle,22,672,1124,2021-08-30 00:03:27,2021-09-05 23:48:26
2021-35,hammersbachtest,3,672,666,2021-08-30 00:03:54,2021-09-05 23:50:07
2021-35,heidelberg,7,672,605,2021-08-30 00:03:04,2021-09-05 23:48:03
2021-35,hersfeldtest,1,672,140,2021-08-30 00:03:57,2021-09-05 23:50:08
2021-35,hof,3,672,258,2021-08-30 00:04:20,2021-09-05 23:49:14
2021-35,hsktest,1,672,144,2021-08-30 00:03:58,2021-09-05 23:50:11
2021-35,ilmkreis,1,672,0,2021-08-30 00:03:02,2021-09-05 23:48:02
2021-35,impfthueringen,46,672,13206,2021-08-30 00:00:00,2021-09-05 23:45:00
2021-35,ingelheim,1,672,154,2021-08-30 00:04:21,2021-09-05 23:49:16
2021-35,innsbruckpsych,1,295,5,2021-08-30 00:03:58,2021-09-04 09:51:16
2021-35,itzehoe,3,514,96,2021-08-30 00:03:58,2021-09-05 23:50:11
2021-35,jena,5,670,1045,2021-08-30 00:03:06,2021-09-05 23:48:05
2021-35,kaiserslauternausl,2,672,0,2021-08-30 00:03:01,2021-09-05 23:48:01
2021-35,kreisbergstrasse,2,662,326,2021-08-30 00:03:11,2021-09-05 23:48:32
2021-35,kreisgermersheimkfz,1,672,56,2021-08-30 00:03:02,2021-09-05 23:48:03
2021-35,kreiswesel,4,672,1082,2021-08-30 00:03:04,2021-09-05 23:48:03
2021-35,kvmayenkoblenz,5,672,657,2021-08-30 00:04:30,2021-09-05 23:49:24
2021-35,lehrte,7,672,482,2021-08-30 00:04:12,2021-09-05 23:50:21
2021-35,leipzig,22,672,1624,2021-08-30 00:03:14,2021-09-05 23:48:13
2021-35,leipzigstandesamt,3,672,84,2021-08-30 00:03:02,2021-09-05 23:48:02
2021-35,loehne,16,672,854,2021-08-30 00:05:04,2021-09-05 23:49:57
2021-35,lramiesbach,3,672,301,2021-08-30 00:05:08,2021-09-05 23:50:02
2021-35,lramuenchenefa,2,672,154,2021-08-30 00:05:11,2021-09-05 23:50:07
2021-35,magdeburg,27,637,677,2021-08-30 00:03:14,2021-09-05 23:48:19
2021-35,mainz,17,672,1405,2021-08-30 00:03:20,2021-09-05 23:48:21
2021-35,minden,3,672,589,2021-08-30 00:05:17,2021-09-05 23:50:12
2021-35,mittenwalde,3,672,80,2021-08-30 00:04:12,2021-09-05 23:50:22
2021-35,nordhausen,2,672,205,2021-08-30 00:03:04,2021-09-05 23:48:04
2021-35,oberasbach,1,54,0,2021-09-01 17:37:22,2021-09-02 06:50:38
2021-35,oesterreichgk,1,384,0,2021-09-02 00:06:35,2021-09-05 23:51:02
2021-35,olfen,1,672,107,2021-08-30 00:04:43,2021-09-05 23:51:03
2021-35,paderborn,15,672,1455,2021-08-30 00:05:43,2021-09-05 23:50:39
2021-35,salzgitter,26,672,893,2021-08-30 00:06:32,2021-09-05 23:51:33
2021-35,schoenebeckelbe,1,672,43,2021-08-30 00:06:34,2021-09-05 23:51:35
2021-35,selm,2,43,4,2021-08-30 09:19:39,2021-09-02 11:37:16
2021-35,speyer,6,672,138,2021-08-30 00:06:37,2021-09-05 23:51:38
2021-35,stadtbergen,2,672,110,2021-08-30 00:04:45,2021-09-05 23:51:05
2021-35,stadtsoest,1,672,239,2021-08-30 00:06:40,2021-09-05 23:51:39
2021-35,steinburg,2,672,24,2021-08-30 00:06:43,2021-09-05 23:51:44
2021-35,teublitztest,1,672,174,2021-08-30 00:04:48,2021-09-05 23:51:07
2021-35,trier,5,672,259,2021-08-30 00:06:54,2021-09-05 23:51:55
2021-35,unna,2,672,242,2021-08-30 00:06:57,2021-09-05 23:51:58
2021-35,weilheimschongau,2,672,70,2021-08-30 00:07:01,2021-09-05 23:52:02
2021-35,weimar,1,668,254,2021-08-30 00:03:02,2021-09-05 23:48:02
2021-35,wittmund,3,672,203,2021-08-30 00:07:05,2021-09-05 23:52:09
2021-35,worms,6,672,741,2021-08-30 00:07:18,2021-09-05 23:52:18
2021-36,amberg,5,672,207,2021-09-06 00:03:04,2021-09-12 23:48:04
2021-36,badkreuznach,4,671,395,2021-09-06 00:03:11,2021-09-12 23:48:10
2021-36,bbmess,2,308,65,2021-09-06 00:03:04,2021-09-12 00:33:03
2021-36,bernkastelwittlich,3,671,501,2021-09-06 00:03:17,2021-09-12 23:48:15
2021-36,billerbeck,2,672,102,2021-09-06 00:03:08,2021-09-12 23:48:08
2021-36,blankenburg,2,672,86,2021-09-06 00:03:08,2021-09-12 23:48:08
2021-36,bonn,3,672,699,2021-09-06 00:03:32,2021-09-12 23:48:37
2021-36,bonnbau,1,672,47,2021-09-06 00:03:07,2021-09-12 23:48:05
2021-36,bonnjob,4,672,172,2021-09-06 00:03:09,2021-09-12 23:48:09
2021-36,burgendlandkaa,1,672,14,2021-09-06 00:03:10,2021-09-12 23:48:10
2021-36,butzbach,2,672,146,2021-09-06 00:03:10,2021-09-12 23:48:10
2021-36,cochemzell,6,672,396,2021-09-06 00:03:28,2021-09-12 23:48:26
2021-36,coesfeld,2,672,94,2021-09-06 00:03:13,2021-09-12 23:48:12
2021-36,daunvg,1,672,36,2021-09-06 00:03:14,2021-09-12 23:48:13
2021-36,dormagen,2,29,6,2021-09-06 09:33:18,2021-09-11 10:48:12
2021-36,dresden,3,671,186,2021-09-06 00:03:15,2021-09-12 23:48:18
2021-36,dresdenkfz,4,671,590,2021-09-06 00:03:20,2021-09-12 23:48:18
2021-36,duelmen,9,671,567,2021-09-06 00:03:37,2021-09-12 23:48:32
2021-36,eislingen,16,672,541,2021-09-06 00:03:53,2021-09-12 23:48:52
2021-36,frankenthal,4,672,244,2021-09-06 00:04:00,2021-09-12 23:48:59
2021-36,fuerthtest,1,672,281,2021-09-06 00:03:38,2021-09-12 23:48:33
2021-36,geldernsw,2,672,167,2021-09-06 00:03:39,2021-09-12 23:48:34
2021-36,goslartest,1,672,239,2021-09-06 00:03:40,2021-09-12 23:48:36
2021-36,graz,42,669,3845,2021-09-06 00:05:00,2021-09-12 23:49:44
2021-36,grazamt,8,671,466,2021-09-06 00:05:02,2021-09-12 23:49:46
2021-36,grazuni,1,672,83,2021-09-06 00:05:04,2021-09-12 23:49:48
2021-36,gronau,8,672,323,2021-09-06 00:04:15,2021-09-12 23:49:13
2021-36,halbersadt,2,672,33,2021-09-06 00:05:05,2021-09-12 23:49:49
2021-36,halle,22,672,1070,2021-09-06 00:03:26,2021-09-12 23:48:26
2021-36,hammersbachtest,3,672,787,2021-09-06 00:05:10,2021-09-12 23:49:52
2021-36,heidelberg,7,672,592,2021-09-06 00:03:04,2021-09-12 23:48:04
2021-36,hersfeldtest,1,672,132,2021-09-06 00:05:11,2021-09-12 23:49:52
2021-36,hof,3,671,259,2021-09-06 00:04:22,2021-09-12 23:49:20
2021-36,hsktest,1,672,142,2021-09-06 00:05:14,2021-09-12 23:49:54
2021-36,ilmkreis,1,672,0,2021-09-06 00:03:02,2021-09-12 23:48:02
2021-36,impfthueringen,92,672,28978,2021-09-06 00:00:00,2021-09-12 23:45:00
2021-36,ingelheim,1,672,165,2021-09-06 00:04:24,2021-09-12 23:49:22
2021-36,itzehoe,3,432,91,2021-09-06 00:05:14,2021-09-12 23:49:55
2021-36,jena,5,672,1042,2021-09-06 00:03:06,2021-09-12 23:48:04
2021-36,kaiserslauternausl,2,672,0,2021-09-06 00:03:02,2021-09-12 23:48:01
2021-36,kreisbergstrasse,2,583,290,2021-09-06 00:03:28,2021-09-12 23:48:19
2021-36,kreisgermersheimkfz,1,672,91,2021-09-06 00:03:04,2021-09-12 23:48:03
2021-36,kreiswesel,4,669,1064,2021-09-06 00:03:04,2021-09-12 23:48:04
2021-36,kvmayenkoblenz,5,672,587,2021-09-06 00:04:36,2021-09-12 23:49:31
2021-36,lehrte,7,672,469,2021-09-06 00:05:24,2021-09-12 23:50:04
2021-36,leipzig,22,672,1612,2021-09-06 00:03:13,2021-09-12 23:48:15
2021-36,leipzigstandesamt,3,672,59,2021-09-06 00:03:02,2021-09-12 23:48:03
2021-36,loehne,16,671,880,2021-09-06 00:05:10,2021-09-12 23:50:04
2021-36,lramiesbach,3,672,314,2021-09-06 00:05:14,2021-09-12 23:50:10
2021-36,lramuenchenefa,2,672,193,2021-09-06 00:05:18,2021-09-12 23:50:14
2021-36,magdeburg,27,567,597,2021-09-06 00:03:19,2021-09-12 23:48:16
2021-36,mainz,16,672,1486,2021-09-06 00:03:25,2021-09-12 23:48:22
2021-36,minden,3,672,573,2021-09-06 00:05:24,2021-09-12 23:50:20
2021-36,mittenwalde,3,672,94,2021-09-06 00:05:25,2021-09-12 23:50:05
2021-36,nordhausen,2,672,212,2021-09-06 00:03:04,2021-09-12 23:48:04
2021-36,oberasbach,1,4,0,2021-09-10 08:51:31,2021-09-10 09:36:28
2021-36,oesterreichgk,3,672,0,2021-09-06 00:06:13,2021-09-12 23:50:40
2021-36,olfen,1,672,123,2021-09-06 00:06:14,2021-09-12 23:50:41
2021-36,paderborn,15,672,1633,2021-09-06 00:05:53,2021-09-12 23:50:47
2021-36,salzgitter,26,672,918,2021-09-06 00:06:45,2021-09-12 23:51:35
2021-36,schoenebeckelbe,1,672,47,2021-09-06 00:06:47,2021-09-12 23:51:40
2021-36,selm,2,142,11,2021-09-06 09:53:20,2021-09-09 21:21:44
2021-36,speyer,4,672,171,2021-09-06 00:06:50,2021-09-12 23:51:43
2021-36,stadtbergen,2,672,115,2021-09-06 00:06:16,2021-09-12 23:50:43
2021-36,stadtsoest,1,672,219,2021-09-06 00:06:54,2021-09-12 23:51:45
2021-36,steinburg,2,672,28,2021-09-06 00:06:58,2021-09-12 23:51:49
2021-36,teublitztest,1,672,154,2021-09-06 00:06:18,2021-09-12 23:50:44
2021-36,trier,7,672,245,2021-09-06 00:07:10,2021-09-12 23:51:58
2021-36,unna,2,672,222,2021-09-06 00:07:14,2021-09-12 23:52:04
2021-36,weilheimschongau,2,672,72,2021-09-06 00:07:17,2021-09-12 23:52:07
2021-36,weimar,1,672,184,2021-09-06 00:03:02,2021-09-12 23:48:02
2021-36,wiehl,1,6,1,2021-09-06 07:51:22,2021-09-07 10:36:52
2021-36,wittmund,3,672,226,2021-09-06 00:07:22,2021-09-12 23:52:12
2021-36,worms,6,672,645,2021-09-06 00:07:36,2021-09-12 23:52:26
2021-37,amberg,5,671,270,2021-09-13 00:03:05,2021-09-19 23:48:04
2021-37,badkreuznach,4,672,354,2021-09-13 00:03:10,2021-09-19 23:48:13
2021-37,bbmess,2,128,27,2021-09-13 05:48:04,2021-09-17 08:33:04
2021-37,bernkastelwittlich,3,672,390,2021-09-13 00:03:16,2021-09-19 23:48:17
2021-37,billerbeck,3,672,112,2021-09-13 00:03:09,2021-09-19 23:48:09
2021-37,blankenburg,2,672,66,2021-09-13 00:03:09,2021-09-19 23:48:10
2021-37,bonn,3,672,737,2021-09-13 00:03:37,2021-09-19 23:48:43
2021-37,bonnbau,1,672,43,2021-09-13 00:03:07,2021-09-19 23:48:06
2021-37,bonnjob,4,672,172,2021-09-13 00:03:10,2021-09-19 23:48:11
2021-37,burgendlandkaa,1,672,16,2021-09-13 00:03:11,2021-09-19 23:48:11
2021-37,butzbach,2,672,130,2021-09-13 00:03:11,2021-09-19 23:48:12
2021-37,cochemzell,6,672,420,2021-09-13 00:03:27,2021-09-19 23:48:28
2021-37,coesfeld,2,672,90,2021-09-13 00:03:13,2021-09-19 23:48:13
2021-37,daunvg,1,672,66,2021-09-13 00:03:14,2021-09-19 23:48:14
2021-37,dormagen,1,10,2,2021-09-14 11:33:12,2021-09-14 13:48:13
2021-37,dresden,3,672,176,2021-09-13 00:03:20,2021-09-19 23:48:15
2021-37,dresdenkfz,4,672,622,2021-09-13 00:03:22,2021-09-19 23:48:17
2021-37,duelmen,7,672,490,2021-09-13 00:03:34,2021-09-19 23:48:30
2021-37,eislingen,16,672,352,2021-09-13 00:03:51,2021-09-19 23:48:52
2021-37,frankenthal,4,672,268,2021-09-13 00:03:58,2021-09-19 23:49:00
2021-37,fuerthtest,1,672,233,2021-09-13 00:03:34,2021-09-19 23:48:30
2021-37,geldernsw,2,672,167,2021-09-13 00:03:35,2021-09-19 23:48:31
2021-37,goslartest,1,672,246,2021-09-13 00:03:37,2021-09-19 23:48:32
2021-37,graz,42,672,3843,2021-09-13 00:04:47,2021-09-19 23:49:25
2021-37,grazamt,6,672,429,2021-09-13 00:04:49,2021-09-19 23:49:26
2021-37,grazuni,1,672,80,2021-09-13 00:04:51,2021-09-19 23:49:28
2021-37,gronau,8,672,282,2021-09-13 00:04:14,2021-09-19 23:49:15
2021-37,halbersadt,2,672,25,2021-09-13 00:04:52,2021-09-19 23:49:29
2021-37,halle,22,672,1175,2021-09-13 00:03:25,2021-09-19 23:48:31
2021-37,hammersbachtest,3,672,751,2021-09-13 00:04:55,2021-09-19 23:49:31
2021-37,heidelberg,7,672,612,2021-09-13 00:03:04,2021-09-19 23:48:04
2021-37,hersfeldtest,1,672,92,2021-09-13 00:04:56,2021-09-19 23:49:32
2021-37,hof,3,672,252,2021-09-13 00:04:20,2021-09-19 23:49:22
2021-37,hsktest,1,672,145,2021-09-13 00:04:58,2021-09-19 23:49:34
2021-37,ilmkreis,1,672,0,2021-09-13 00:03:02,2021-09-19 23:48:02
2021-37,impfthueringen,92,668,27118,2021-09-13 00:00:00,2021-09-19 23:45:00
2021-37,ingelheim,1,672,145,2021-09-13 00:04:22,2021-09-19 23:49:24
2021-37,itzehoe,3,472,49,2021-09-13 00:04:59,2021-09-19 20:04:34
2021-37,jena,5,672,899,2021-09-13 00:03:06,2021-09-19 23:48:05
2021-37,kaiserslauternausl,2,672,0,2021-09-13 00:03:02,2021-09-19 23:48:02
2021-37,kreisbergstrasse,2,669,374,2021-09-13 00:03:14,2021-09-19 23:48:19
2021-37,kreisgermersheimkfz,1,671,85,2021-09-13 00:03:03,2021-09-19 23:48:03
2021-37,kreiswesel,4,672,1085,2021-09-13 00:03:04,2021-09-19 23:48:04
2021-37,kvmayenkoblenz,5,672,595,2021-09-13 00:04:36,2021-09-19 23:49:34
2021-37,lehrte,7,672,522,2021-09-13 00:05:08,2021-09-19 23:49:41
2021-37,leipzig,22,672,1701,2021-09-13 00:03:16,2021-09-19 23:48:15
2021-37,leipzigstandesamt,3,672,99,2021-09-13 00:03:03,2021-09-19 23:48:04
2021-37,loehne,16,672,831,2021-09-13 00:05:06,2021-09-19 23:50:06
2021-37,lramiesbach,3,672,301,2021-09-13 00:05:11,2021-09-19 23:50:12
2021-37,lramuenchenefa,2,672,180,2021-09-13 00:05:17,2021-09-19 23:50:16
2021-37,magdeburg,27,567,490,2021-09-13 00:03:17,2021-09-19 23:48:13
2021-37,mainz,16,647,1467,2021-09-13 00:03:27,2021-09-19 23:48:22
2021-37,minden,3,672,541,2021-09-13 00:05:22,2021-09-19 23:50:21
2021-37,mittenwalde,3,672,97,2021-09-13 00:05:09,2021-09-19 23:49:41
2021-37,nordhausen,2,671,163,2021-09-13 00:03:05,2021-09-19 23:48:04
2021-37,oberasbach,2,218,1,2021-09-13 09:35:32,2021-09-19 17:04:43
2021-37,oesterreichgk,5,669,0,2021-09-13 00:05:44,2021-09-19 23:50:18
2021-37,olfen,1,672,122,2021-09-13 00:05:45,2021-09-19 23:50:18
2021-37,paderborn,18,672,1509,2021-09-13 00:05:51,2021-09-19 23:50:53
2021-37,salzgitter,26,671,951,2021-09-13 00:06:40,2021-09-19 23:51:39
2021-37,schoenebeckelbe,1,672,47,2021-09-13 00:06:42,2021-09-19 23:51:41
2021-37,selm,2,499,21,2021-09-13 09:06:14,2021-09-19 23:50:19
2021-37,speyer,13,672,197,2021-09-13 00:06:46,2021-09-19 23:51:45
2021-37,stadtbergen,2,588,90,2021-09-13 00:05:46,2021-09-19 23:50:19
2021-37,stadtsoest,1,672,205,2021-09-13 00:06:50,2021-09-19 23:51:48
2021-37,steinburg,2,672,23,2021-09-13 00:06:54,2021-09-19 23:51:52
2021-37,teublitztest,1,672,141,2021-09-13 00:05:48,2021-09-19 23:50:20
2021-37,trier,5,672,285,2021-09-13 00:07:07,2021-09-19 23:52:05
2021-37,unna,2,672,194,2021-09-13 00:07:11,2021-09-19 23:52:08
2021-37,weilheimschongau,2,672,126,2021-09-13 00:07:16,2021-09-19 23:52:11
2021-37,weimar,2,672,230,2021-09-13 00:03:03,2021-09-19 23:48:03
2021-37,wittmund,3,672,188,2021-09-13 00:07:21,2021-09-19 23:52:16
2021-37,worms,6,671,684,2021-09-13 00:07:33,2021-09-19 23:52:28
