week,source_id,num_locations,num_snapshots,num_changes,num_appointments,num_cancellations,min_date,max_date
2021-28,bonn,3,672,767,599,232,2021-07-12 00:03:33,2021-07-18 23:48:30
2021-28,bonnbau,1,672,48,4,0,2021-07-12 00:03:38,2021-07-18 23:48:35
2021-28,dresden,3,672,180,111,41,2021-07-12 00:03:49,2021-07-18 23:48:45
2021-28,dresdenkfz,4,672,617,413,119,2021-07-12 00:04:05,2021-07-18 23:49:00
2021-28,egelsbach,3,672,214,0,0,2021-07-12 00:04:06,2021-07-18 23:49:01
2021-28,frankfurt,15,672,1289,3,1,2021-07-12 00:04:11,2021-07-18 23:49:07
2021-28,friedrichsdorf,6,672,366,0,0,2021-07-12 00:04:13,2021-07-18 23:49:08
2021-28,grossumstadt,3,672,336,0,0,2021-07-12 00:04:14,2021-07-18 23:49:10
2021-28,heidelberg,5,672,532,0,0,2021-07-12 00:04:15,2021-07-18 23:49:11
2021-28,hornberg,1,672,120,0,0,2021-07-12 00:04:16,2021-07-18 23:49:11
2021-28,huenstetten,4,672,125,3,0,2021-07-12 00:04:17,2021-07-18 23:49:13
2021-28,huettenberg,9,672,213,0,0,2021-07-12 00:04:21,2021-07-18 23:49:17
2021-28,ilmkreis,1,672,0,0,0,2021-07-12 00:04:22,2021-07-18 23:49:17
2021-28,impfthueringen,77,672,24788,16711,17576,2021-07-12 00:00:00,2021-07-18 23:45:00
2021-28,jena,4,672,498,0,0,2021-07-12 00:04:23,2021-07-18 23:49:19
2021-28,kaiserslauternausl,2,672,0,0,0,2021-07-12 00:04:24,2021-07-18 23:49:19
2021-28,kassel,13,672,1067,0,0,2021-07-12 00:04:29,2021-07-18 23:49:24
2021-28,kelsterbach,2,672,258,0,0,2021-07-12 00:04:30,2021-07-18 23:49:25
2021-28,kreisbergstrasse,2,668,328,189,83,2021-07-12 00:04:53,2021-07-18 23:49:40
2021-28,kreisgermersheimkfz,1,672,57,33,4,2021-07-12 00:04:55,2021-07-18 23:49:41
2021-28,kreisgrossgerau,12,671,608,0,0,2021-07-12 00:04:59,2021-07-18 23:49:45
2021-28,kreiswesel,5,671,705,1,2,2021-07-12 00:05:02,2021-07-18 23:49:47
2021-28,leipzigstandesamt,3,672,77,50,17,2021-07-12 00:05:04,2021-07-18 23:49:49
2021-28,leun,19,671,218,1,1,2021-07-12 00:05:05,2021-07-18 23:49:50
2021-28,linsengericht,1,671,40,0,0,2021-07-12 00:05:05,2021-07-18 23:49:50
2021-28,magdeburg,27,672,907,95,17,2021-07-12 00:05:32,2021-07-18 23:50:07
2021-28,moerlenbach,1,672,89,1,0,2021-07-12 00:05:32,2021-07-18 23:50:08
2021-28,neuisenburg,1,672,64,0,0,2021-07-12 00:05:33,2021-07-18 23:50:08
2021-28,niedenstein,1,672,81,0,0,2021-07-12 00:05:33,2021-07-18 23:50:09
2021-28,nordhausen,2,672,166,3,2,2021-07-12 00:05:35,2021-07-18 23:50:11
2021-28,oberramstadt,6,672,591,0,0,2021-07-12 00:05:38,2021-07-18 23:50:13
2021-28,offenbach,9,672,889,2,0,2021-07-12 00:05:41,2021-07-18 23:50:16
2021-28,pfungstadt,2,672,230,0,0,2021-07-12 00:05:43,2021-07-18 23:50:17
2021-28,viernheim,1,672,146,1,0,2021-07-12 00:05:43,2021-07-18 23:50:18
2021-28,weimar,1,672,121,0,0,2021-07-12 00:05:44,2021-07-18 23:50:18
2021-28,weiterstadt,2,672,318,0,0,2021-07-12 00:05:45,2021-07-18 23:50:19
2021-29,bonn,3,668,755,589,232,2021-07-19 00:03:32,2021-07-25 23:48:18
2021-29,bonnbau,1,666,44,5,1,2021-07-19 00:03:37,2021-07-25 23:48:04
2021-29,dresden,3,668,177,92,46,2021-07-19 00:03:47,2021-07-25 23:48:07
2021-29,dresdenkfz,4,668,591,367,122,2021-07-19 00:04:02,2021-07-25 23:48:10
2021-29,egelsbach,3,668,148,9,2,2021-07-19 00:04:03,2021-07-25 23:48:03
2021-29,frankfurt,15,668,1127,173,132,2021-07-19 00:04:10,2021-07-25 23:48:17
2021-29,friedrichsdorf,18,668,397,34,13,2021-07-19 00:04:11,2021-07-25 23:48:24
2021-29,grossumstadt,3,668,357,93,45,2021-07-19 00:04:13,2021-07-25 23:48:26
2021-29,heidelberg,13,668,435,46,25,2021-07-19 00:04:14,2021-07-25 23:48:04
2021-29,hornberg,1,668,111,27,13,2021-07-19 00:04:15,2021-07-25 23:48:27
2021-29,huenstetten,4,668,138,24,2,2021-07-19 00:04:16,2021-07-25 23:48:29
2021-29,huettenberg,9,668,163,19,4,2021-07-19 00:04:20,2021-07-25 23:48:34
2021-29,ilmkreis,1,419,0,0,0,2021-07-19 00:04:21,2021-07-25 23:48:02
2021-29,impfthueringen,58,669,21844,13729,15404,2021-07-19 00:00:00,2021-07-25 23:45:00
2021-29,jena,12,668,664,96,56,2021-07-19 00:04:22,2021-07-25 23:48:04
2021-29,kaiserslauternausl,2,668,0,0,0,2021-07-19 00:04:23,2021-07-25 23:48:02
2021-29,kassel,14,668,1089,344,132,2021-07-19 00:04:28,2021-07-25 23:48:44
2021-29,kelsterbach,2,668,132,8,4,2021-07-19 00:04:29,2021-07-25 23:48:45
2021-29,kreisbergstrasse,2,664,313,178,86,2021-07-19 00:04:45,2021-07-25 23:48:07
2021-29,kreisgermersheimkfz,1,668,16,7,6,2021-07-19 00:04:46,2021-07-25 23:48:02
2021-29,kreisgrossgerau,12,630,632,69,63,2021-07-19 00:04:50,2021-07-25 23:48:52
2021-29,kreiswesel,5,666,879,255,200,2021-07-19 00:04:52,2021-07-25 23:48:04
2021-29,leipzigstandesamt,3,668,81,48,15,2021-07-19 00:04:54,2021-07-25 23:48:03
2021-29,leun,3,488,167,27,0,2021-07-19 00:04:55,2021-07-24 21:04:04
2021-29,linsengericht,1,486,35,16,2,2021-07-19 00:04:55,2021-07-24 21:04:05
2021-29,magdeburg,27,668,869,46,21,2021-07-19 00:05:13,2021-07-25 23:48:11
2021-29,moerlenbach,1,486,90,8,1,2021-07-19 00:05:13,2021-07-24 21:04:06
2021-29,neuisenburg,1,485,75,15,14,2021-07-19 00:05:14,2021-07-24 02:19:13
2021-29,niedenstein,1,484,58,11,1,2021-07-19 00:05:14,2021-07-24 02:03:42
2021-29,nordhausen,2,668,218,75,52,2021-07-19 00:05:16,2021-07-25 23:48:05
2021-29,oberramstadt,6,484,522,137,115,2021-07-19 00:05:19,2021-07-24 02:03:47
2021-29,offenbach,9,484,553,18,3,2021-07-19 00:05:23,2021-07-24 02:03:48
2021-29,pfungstadt,2,484,270,87,55,2021-07-19 00:05:24,2021-07-24 02:03:50
2021-29,viernheim,1,484,160,50,31,2021-07-19 00:05:24,2021-07-24 02:03:51
2021-29,weimar,1,668,195,52,45,2021-07-19 00:05:25,2021-07-25 23:48:02
2021-29,weiterstadt,2,452,245,48,18,2021-07-19 00:05:26,2021-07-24 02:03:53
2021-30,amberg,4,672,282,154,21,2021-07-26 00:03:02,2021-08-01 23:48:04
2021-30,badkreuznach,4,666,402,187,39,2021-07-26 00:03:10,2021-08-01 23:48:09
2021-30,bbmess,2,233,20,3,0,2021-07-26 00:03:02,2021-08-01 23:48:03
2021-30,bernkastelwittlich,3,669,436,269,138,2021-07-26 00:03:17,2021-08-01 23:48:14
2021-30,billerbeck,3,672,153,88,5,2021-07-26 00:03:04,2021-08-01 23:48:13
2021-30,blankenburg,2,672,89,66,1,2021-07-26 00:03:04,2021-08-01 23:48:15
2021-30,bonn,3,672,726,597,230,2021-07-26 00:03:18,2021-08-01 23:48:32
2021-30,bonnbau,1,672,46,6,1,2021-07-26 00:03:04,2021-08-01 23:48:06
2021-30,bonnjob,4,672,170,8,27,2021-07-26 00:03:05,2021-08-01 23:48:17
2021-30,braunschweigtest,1,637,59,20,1,2021-07-26 00:03:05,2021-08-01 15:03:18
2021-30,burgendlandkaa,1,672,14,2,0,2021-07-26 00:03:06,2021-08-01 23:48:18
2021-30,butzbach,2,672,149,79,7,2021-07-26 00:03:06,2021-08-01 23:48:18
2021-30,cochemzell,6,670,414,102,29,2021-07-26 00:03:27,2021-08-01 23:48:25
2021-30,coesfeld,2,672,71,2,0,2021-07-26 00:03:07,2021-08-01 23:48:20
2021-30,daunvg,1,667,50,27,0,2021-07-26 00:03:07,2021-08-01 23:48:21
2021-30,dormagen,2,179,30,3,1,2021-07-26 08:18:09,2021-08-01 15:33:20
2021-30,dresden,3,671,169,106,41,2021-07-26 00:03:08,2021-08-01 23:48:17
2021-30,dresdenkfz,4,671,569,388,130,2021-07-26 00:03:11,2021-08-01 23:48:14
2021-30,duelmen,9,672,493,252,73,2021-07-26 00:03:22,2021-08-01 23:48:57
2021-30,egelsbach,3,669,102,28,11,2021-07-26 00:03:03,2021-08-01 23:48:03
2021-30,eislingen,16,665,497,108,118,2021-07-26 00:03:50,2021-08-01 23:48:51
2021-30,elitheratest,1,458,47,10,9,2021-07-26 00:03:22,2021-07-31 10:03:50
2021-30,frankenthal,4,669,284,143,61,2021-07-26 00:03:57,2021-08-01 23:48:59
2021-30,frankfurt,15,670,1889,987,823,2021-07-26 00:03:18,2021-08-01 23:48:16
2021-30,friedrichsdorf,16,670,514,110,34,2021-07-26 00:03:25,2021-08-01 23:48:25
2021-30,fuerthtest,1,672,288,85,86,2021-07-26 00:03:22,2021-08-01 23:48:58
2021-30,geldernsw,1,672,167,0,0,2021-07-26 00:03:23,2021-08-01 23:48:59
2021-30,goslartest,1,672,231,184,26,2021-07-26 00:03:24,2021-08-01 23:49:01
2021-30,graz,35,671,3109,1359,202,2021-07-26 00:03:48,2021-08-01 23:51:15
2021-30,grazamt,10,672,665,280,68,2021-07-26 00:03:53,2021-08-01 23:51:19
2021-30,gronau,2,667,169,96,30,2021-07-26 00:04:01,2021-08-01 23:49:03
2021-30,grossumstadt,3,670,243,137,45,2021-07-26 00:03:27,2021-08-01 23:48:27
2021-30,halbersadt,2,672,35,18,0,2021-07-26 00:03:54,2021-08-01 23:51:22
2021-30,halle,22,672,1072,688,232,2021-07-26 00:03:31,2021-08-01 23:48:27
2021-30,hammersbachtest,3,672,725,246,11,2021-07-26 00:03:55,2021-08-01 23:51:28
2021-30,heidelberg,6,672,682,295,161,2021-07-26 00:03:04,2021-08-01 23:48:03
2021-30,hersfeldtest,1,672,170,63,29,2021-07-26 00:03:56,2021-08-01 23:51:30
2021-30,hof,3,667,278,197,34,2021-07-26 00:04:07,2021-08-01 23:49:09
2021-30,hornberg,1,670,104,58,34,2021-07-26 00:03:28,2021-08-01 23:48:27
2021-30,hsktest,1,672,154,32,10,2021-07-26 00:03:57,2021-08-01 23:51:33
2021-30,huenstetten,4,670,111,65,20,2021-07-26 00:03:30,2021-08-01 23:48:30
2021-30,huettenberg,9,670,133,29,6,2021-07-26 00:03:35,2021-08-01 23:48:36
2021-30,ilmkreis,1,672,0,0,0,2021-07-26 00:03:02,2021-08-01 23:48:02
2021-30,impfthueringen,71,672,26321,17096,17722,2021-07-26 00:00:00,2021-08-01 23:45:00
2021-30,ingelheim,1,669,132,59,17,2021-07-26 00:04:09,2021-08-01 23:49:10
2021-30,innsbruckpsych,1,344,3,0,0,2021-07-26 00:03:57,2021-07-29 13:49:05
2021-30,itzehoe,3,231,43,17,1,2021-07-26 15:19:04,2021-08-01 19:36:33
2021-30,jena,5,670,946,593,372,2021-07-26 00:03:04,2021-08-01 23:48:04
2021-30,kaiserslauternausl,2,672,0,0,0,2021-07-26 00:03:01,2021-08-01 23:48:02
2021-30,kassel,14,670,1662,1084,522,2021-07-26 00:03:46,2021-08-01 23:48:49
2021-30,kelsterbach,1,670,38,23,9,2021-07-26 00:03:46,2021-08-01 23:48:51
2021-30,kreisbergstrasse,2,662,344,201,114,2021-07-26 00:03:08,2021-08-01 23:48:30
2021-30,kreisgermersheimkfz,1,672,32,6,0,2021-07-26 00:03:02,2021-08-01 23:48:04
2021-30,kreisgrossgerau,12,659,880,243,236,2021-07-26 00:03:53,2021-08-01 23:48:59
2021-30,kreissteinfurt,1,672,139,105,6,2021-07-26 00:03:58,2021-08-01 23:51:38
2021-30,kreiswesel,5,672,1176,824,575,2021-07-26 00:03:05,2021-08-01 23:48:05
2021-30,kvmayenkoblenz,5,667,539,264,74,2021-07-26 00:04:22,2021-08-01 23:49:19
2021-30,lehrte,7,672,526,390,77,2021-07-26 00:04:06,2021-08-01 23:51:57
2021-30,leipzig,22,672,1147,755,55,2021-07-26 00:03:13,2021-08-01 23:48:15
2021-30,leipzigstandesamt,3,672,77,39,12,2021-07-26 00:03:03,2021-08-01 23:48:04
2021-30,leun,3,96,29,4,3,2021-07-28 21:19:07,2021-08-01 23:49:02
2021-30,linsengericht,1,68,32,3,4,2021-07-28 21:19:09,2021-08-01 23:49:03
2021-30,loehne,16,666,808,76,9,2021-07-26 00:04:53,2021-08-01 23:49:49
2021-30,lramiesbach,3,669,311,167,94,2021-07-26 00:04:57,2021-08-01 23:49:53
2021-30,lramuenchenefa,2,666,113,37,16,2021-07-26 00:05:01,2021-08-01 23:49:56
2021-30,magdeburg,27,672,834,35,12,2021-07-26 00:03:10,2021-08-01 23:48:32
2021-30,mainz,16,672,1285,788,169,2021-07-26 00:03:22,2021-08-01 23:48:20
2021-30,minden,3,668,500,309,95,2021-07-26 00:05:06,2021-08-01 23:50:02
2021-30,mittenwalde,3,672,73,6,1,2021-07-26 00:04:06,2021-08-01 23:51:58
2021-30,moerlenbach,1,44,14,2,2,2021-07-28 21:19:10,2021-08-01 23:04:10
2021-30,neuisenburg,1,34,22,2,3,2021-07-28 21:19:12,2021-08-01 23:04:11
2021-30,niedenstein,1,24,13,1,2,2021-07-28 21:19:13,2021-08-01 23:04:12
2021-30,nordhausen,2,672,178,113,69,2021-07-26 00:03:05,2021-08-01 23:48:04
2021-30,oberasbach,1,20,8,0,0,2021-07-26 11:04:16,2021-07-28 13:49:18
2021-30,oberramstadt,6,6,14,1,0,2021-07-28 22:04:34,2021-07-31 02:19:25
2021-30,offenbach,13,5,2,0,0,2021-07-28 22:04:40,2021-07-31 02:19:34
2021-30,olfen,1,672,112,40,1,2021-07-26 00:04:18,2021-08-01 23:52:11
2021-30,paderborn,15,666,1471,632,371,2021-07-26 00:05:36,2021-08-01 23:50:31
2021-30,pfungstadt,2,1,0,0,0,2021-07-31 02:19:35,2021-07-31 02:19:35
2021-30,salzgitter,26,666,839,283,95,2021-07-26 00:06:21,2021-08-01 23:51:12
2021-30,schoenebeckelbe,1,668,28,14,4,2021-07-26 00:06:23,2021-08-01 23:51:16
2021-30,selm,2,155,4,1,0,2021-07-26 09:49:51,2021-08-01 23:52:11
2021-30,speyer,7,666,224,90,16,2021-07-26 00:06:26,2021-08-01 23:51:19
2021-30,stadtbergen,2,672,85,24,30,2021-07-26 00:04:20,2021-08-01 23:52:13
2021-30,stadtsoest,1,666,253,173,106,2021-07-26 00:06:28,2021-08-01 23:51:21
2021-30,steinburg,1,667,21,0,0,2021-07-26 00:06:32,2021-08-01 23:51:23
2021-30,teublitztest,1,672,103,57,6,2021-07-26 00:04:21,2021-08-01 23:52:15
2021-30,trier,5,664,266,106,37,2021-07-26 00:06:43,2021-08-01 23:51:33
2021-30,unna,2,667,202,138,59,2021-07-26 00:06:46,2021-08-01 23:51:37
2021-30,viernheim,1,1,0,0,0,2021-07-31 02:19:36,2021-07-31 02:19:36
2021-30,weilheimschongau,2,665,82,27,11,2021-07-26 00:06:51,2021-08-01 23:51:43
2021-30,weimar,1,672,223,112,90,2021-07-26 00:03:02,2021-08-01 23:48:03
2021-30,wiehl,1,5,1,0,0,2021-07-27 09:34:23,2021-07-28 09:19:21
2021-30,wittmund,3,662,189,68,36,2021-07-26 00:06:56,2021-08-01 23:51:48
2021-30,worms,6,666,648,441,244,2021-07-26 00:07:06,2021-08-01 23:51:58
2021-31,amberg,4,672,256,184,23,2021-08-02 00:03:05,2021-08-08 23:48:06
2021-31,badkreuznach,4,659,395,185,61,2021-08-02 00:03:09,2021-08-08 23:48:12
2021-31,bbmess,2,382,43,13,5,2021-08-02 00:03:03,2021-08-08 23:48:05
2021-31,bernkastelwittlich,3,666,457,290,151,2021-08-02 00:03:15,2021-08-08 23:48:18
2021-31,billerbeck,3,672,146,104,12,2021-08-02 00:03:13,2021-08-08 23:48:12
2021-31,blankenburg,2,672,127,107,5,2021-08-02 00:03:16,2021-08-08 23:48:13
2021-31,bonn,3,671,857,636,278,2021-08-02 00:03:33,2021-08-08 23:48:31
2021-31,bonnbau,1,671,45,3,0,2021-08-02 00:03:07,2021-08-08 23:48:07
2021-31,bonnjob,4,672,172,8,54,2021-08-02 00:03:17,2021-08-08 23:48:20
2021-31,burgendlandkaa,1,672,16,0,0,2021-08-02 00:03:18,2021-08-08 23:48:20
2021-31,butzbach,2,672,117,82,21,2021-08-02 00:03:21,2021-08-08 23:48:21
2021-31,cochemzell,6,665,396,101,44,2021-08-02 00:03:29,2021-08-08 23:48:27
2021-31,coesfeld,2,672,97,15,1,2021-08-02 00:03:25,2021-08-08 23:48:23
2021-31,daunvg,1,664,33,11,1,2021-08-02 00:03:27,2021-08-08 23:48:24
2021-31,dormagen,2,178,39,11,0,2021-08-02 10:03:20,2021-08-08 12:48:16
2021-31,dresden,3,671,185,98,43,2021-08-02 00:03:17,2021-08-08 23:48:15
2021-31,dresdenkfz,4,672,602,376,126,2021-08-02 00:03:17,2021-08-08 23:48:18
2021-31,duelmen,9,672,524,303,54,2021-08-02 00:04:05,2021-08-08 23:48:48
2021-31,egelsbach,3,671,49,22,9,2021-08-02 00:03:04,2021-08-08 23:48:03
2021-31,eislingen,16,659,627,102,157,2021-08-02 00:03:57,2021-08-08 23:48:58
2021-31,frankenthal,4,661,236,128,50,2021-08-02 00:04:05,2021-08-08 23:49:06
2021-31,frankfurt,14,672,1895,974,782,2021-08-02 00:03:16,2021-08-08 23:48:18
2021-31,friedrichsdorf,8,672,575,143,43,2021-08-02 00:03:22,2021-08-08 23:48:26
2021-31,fuerthtest,1,672,256,68,62,2021-08-02 00:04:07,2021-08-08 23:48:54
2021-31,geldernsw,1,671,167,166,0,2021-08-02 00:04:08,2021-08-08 23:48:56
2021-31,goslartest,1,671,261,222,31,2021-08-02 00:04:10,2021-08-08 23:48:58
2021-31,graz,37,670,3281,1503,276,2021-08-02 00:06:35,2021-08-08 23:50:11
2021-31,grazamt,10,671,723,304,74,2021-08-02 00:06:39,2021-08-08 23:50:14
2021-31,gronau,2,663,180,101,35,2021-08-02 00:04:09,2021-08-08 23:49:12
2021-31,grossumstadt,3,672,226,117,48,2021-08-02 00:03:24,2021-08-08 23:48:28
2021-31,halbersadt,2,671,44,17,0,2021-08-02 00:06:41,2021-08-08 23:50:16
2021-31,halle,22,672,951,556,198,2021-08-02 00:03:30,2021-08-08 23:48:26
2021-31,hammersbachtest,3,672,768,303,30,2021-08-02 00:06:47,2021-08-08 23:50:20
2021-31,heidelberg,5,672,625,283,161,2021-08-02 00:03:04,2021-08-08 23:48:06
2021-31,hersfeldtest,1,672,129,67,39,2021-08-02 00:06:50,2021-08-08 23:50:22
2021-31,hof,3,662,293,210,43,2021-08-02 00:04:18,2021-08-08 23:49:19
2021-31,hornberg,1,672,87,49,14,2021-08-02 00:03:24,2021-08-08 23:48:29
2021-31,hsktest,1,672,146,25,5,2021-08-02 00:06:53,2021-08-08 23:50:24
2021-31,huenstetten,4,672,134,72,20,2021-08-02 00:03:27,2021-08-08 23:48:33
2021-31,huettenberg,9,672,134,27,10,2021-08-02 00:03:31,2021-08-08 23:48:39
2021-31,ilmkreis,2,669,0,0,0,2021-08-02 00:03:02,2021-08-08 23:48:03
2021-31,impfthueringen,91,672,25737,12363,15801,2021-08-02 00:00:00,2021-08-08 23:45:00
2021-31,ingelheim,1,669,145,59,36,2021-08-02 00:04:20,2021-08-08 23:49:20
2021-31,innsbruckpsych,1,195,3,0,0,2021-08-02 12:20:25,2021-08-06 10:05:35
2021-31,itzehoe,3,205,46,28,4,2021-08-02 06:51:09,2021-08-08 20:05:22
2021-31,jena,5,672,906,654,354,2021-08-02 00:03:05,2021-08-08 23:48:05
2021-31,kaiserslauternausl,2,672,0,0,0,2021-08-02 00:03:02,2021-08-08 23:48:03
2021-31,kassel,14,672,1568,1099,508,2021-08-02 00:03:41,2021-08-08 23:48:50
2021-31,kelsterbach,1,672,60,34,18,2021-08-02 00:03:43,2021-08-08 23:48:50
2021-31,kreisbergstrasse,2,661,331,205,81,2021-08-02 00:03:15,2021-08-08 23:49:20
2021-31,kreisgermersheimkfz,1,672,66,39,4,2021-08-02 00:03:04,2021-08-08 23:48:04
2021-31,kreisgrossgerau,12,672,1108,398,310,2021-08-02 00:03:50,2021-08-08 23:48:57
2021-31,kreissteinfurt,1,672,91,55,5,2021-08-02 00:06:57,2021-08-08 23:50:26
2021-31,kreiswesel,5,672,1128,838,586,2021-08-02 00:03:05,2021-08-08 23:48:04
2021-31,kvmayenkoblenz,5,664,600,330,148,2021-08-02 00:04:30,2021-08-08 23:49:30
2021-31,lehrte,7,672,577,418,50,2021-08-02 00:07:18,2021-08-08 23:50:38
2021-31,leipzig,22,672,1429,992,106,2021-08-02 00:03:15,2021-08-08 23:48:19
2021-31,leipzigstandesamt,3,672,82,44,20,2021-08-02 00:03:05,2021-08-08 23:48:04
2021-31,leun,3,162,88,10,6,2021-08-02 00:33:59,2021-08-08 23:19:03
2021-31,linsengericht,1,105,44,4,3,2021-08-02 01:19:02,2021-08-08 22:19:05
2021-31,loehne,16,658,850,65,10,2021-08-02 00:05:01,2021-08-08 23:50:01
2021-31,lramiesbach,3,662,316,171,123,2021-08-02 00:05:05,2021-08-08 23:50:06
2021-31,lramuenchenefa,4,663,91,35,11,2021-08-02 00:05:12,2021-08-08 23:50:10
2021-31,magdeburg,27,672,887,56,4,2021-08-02 00:03:32,2021-08-08 23:48:26
2021-31,mainz,16,672,1339,930,228,2021-08-02 00:03:21,2021-08-08 23:48:21
2021-31,minden,3,665,532,314,123,2021-08-02 00:05:17,2021-08-08 23:50:17
2021-31,mittenwalde,3,672,75,1,0,2021-08-02 00:07:19,2021-08-08 23:50:38
2021-31,moerlenbach,1,77,27,3,2,2021-08-02 01:19:04,2021-08-08 22:19:06
2021-31,neuisenburg,1,62,41,3,3,2021-08-02 01:19:05,2021-08-08 22:19:07
2021-31,niedenstein,1,47,22,2,0,2021-08-02 01:19:06,2021-08-08 22:19:08
2021-31,nordhausen,2,672,222,156,85,2021-08-02 00:03:05,2021-08-08 23:48:05
2021-31,oberasbach,1,1,0,0,0,2021-08-02 08:07:02,2021-08-02 08:07:02
2021-31,oberramstadt,5,14,23,0,1,2021-08-02 21:19:14,2021-08-08 22:04:31
2021-31,offenbach,9,10,24,1,0,2021-08-03 17:20:48,2021-08-08 22:04:35
2021-31,olfen,1,672,102,49,2,2021-08-02 00:07:32,2021-08-08 23:50:48
2021-31,paderborn,15,660,1435,643,417,2021-08-02 00:05:48,2021-08-08 23:50:44
2021-31,pfungstadt,2,5,7,1,0,2021-08-03 17:20:50,2021-08-07 22:04:44
2021-31,salzgitter,26,659,777,303,116,2021-08-02 00:06:36,2021-08-08 23:51:35
2021-31,schoenebeckelbe,1,667,50,29,7,2021-08-02 00:06:38,2021-08-08 23:51:37
2021-31,selm,2,198,8,0,0,2021-08-02 00:07:33,2021-08-08 14:35:34
2021-31,speyer,5,667,209,111,30,2021-08-02 00:06:41,2021-08-08 23:51:40
2021-31,stadtbergen,2,672,47,2,5,2021-08-02 00:07:34,2021-08-08 23:50:51
2021-31,stadtsoest,1,669,211,147,91,2021-08-02 00:06:44,2021-08-08 23:51:42
2021-31,steinburg,1,667,21,0,0,2021-08-02 00:06:46,2021-08-08 23:51:46
2021-31,teublitztest,1,672,123,73,20,2021-08-02 00:07:36,2021-08-08 23:50:56
2021-31,trier,5,663,242,110,41,2021-08-02 00:06:58,2021-08-08 23:51:56
2021-31,unna,2,665,194,128,61,2021-08-02 00:07:02,2021-08-08 23:51:59
2021-31,viernheim,1,5,3,0,0,2021-08-03 17:20:50,2021-08-07 22:04:45
2021-31,weilheimschongau,2,665,99,28,12,2021-08-02 00:07:05,2021-08-08 23:52:03
2021-31,weimar,1,672,220,108,85,2021-08-02 00:03:03,2021-08-08 23:48:04
2021-31,weiterstadt,2,5,8,1,1,2021-08-03 17:20:52,2021-08-07 22:04:47
2021-31,wiehl,1,20,2,0,0,2021-08-02 08:52:22,2021-08-05 16:20:46
2021-31,wittmund,6,663,194,83,44,2021-08-02 00:07:12,2021-08-08 23:52:10
2021-31,worms,6,662,571,344,215,2021-08-02 00:07:24,2021-08-08 23:52:21
2021-32,amberg,4,671,249,170,20,2021-08-09 00:03:04,2021-08-15 23:48:04
2021-32,badkreuznach,4,672,408,201,77,2021-08-09 00:03:11,2021-08-15 23:48:08
2021-32,bbmess,2,661,64,33,6,2021-08-09 00:03:03,2021-08-15 23:48:03
2021-32,bernkastelwittlich,3,672,454,325,159,2021-08-09 00:03:16,2021-08-15 23:48:12
2021-32,billerbeck,3,672,154,98,9,2021-08-09 00:03:10,2021-08-15 23:48:08
2021-32,blankenburg,2,672,122,103,3,2021-08-09 00:03:11,2021-08-15 23:48:09
2021-32,bonn,3,672,789,640,256,2021-08-09 00:03:31,2021-08-15 23:48:59
2021-32,bonnbau,1,672,45,3,0,2021-08-09 00:03:07,2021-08-15 23:48:06
2021-32,bonnjob,4,672,172,8,54,2021-08-09 00:03:12,2021-08-15 23:48:10
2021-32,burgendlandkaa,1,672,16,0,0,2021-08-09 00:03:12,2021-08-15 23:48:11
2021-32,butzbach,2,672,91,63,5,2021-08-09 00:03:13,2021-08-15 23:48:11
2021-32,cochemzell,6,672,357,108,43,2021-08-09 00:03:27,2021-08-15 23:48:22
2021-32,coesfeld,2,672,85,18,3,2021-08-09 00:03:15,2021-08-15 23:48:13
2021-32,daunvg,1,323,25,10,2,2021-08-09 00:03:18,2021-08-15 18:48:25
2021-32,dormagen,2,194,35,11,0,2021-08-09 08:33:18,2021-08-15 23:48:16
2021-32,dresden,3,670,154,99,41,2021-08-09 00:03:13,2021-08-15 23:48:19
2021-32,dresdenkfz,4,670,601,400,137,2021-08-09 00:03:18,2021-08-15 23:48:21
2021-32,duelmen,9,672,522,305,58,2021-08-09 00:04:00,2021-08-15 23:48:38
2021-32,egelsbach,3,670,51,17,14,2021-08-09 00:03:03,2021-08-15 23:48:03
2021-32,eislingen,16,672,589,90,133,2021-08-09 00:03:54,2021-08-15 23:48:46
2021-32,frankenthal,4,672,232,128,66,2021-08-09 00:04:00,2021-08-15 23:48:54
2021-32,frankfurt,14,672,2142,1100,884,2021-08-09 00:03:18,2021-08-15 23:48:14
2021-32,friedrichsdorf,8,672,468,116,26,2021-08-09 00:03:27,2021-08-15 23:48:20
2021-32,fuerthtest,1,672,221,42,37,2021-08-09 00:04:02,2021-08-15 23:48:39
2021-32,geldernsw,2,672,169,167,0,2021-08-09 00:04:12,2021-08-15 23:48:40
2021-32,goslartest,1,672,250,196,42,2021-08-09 00:04:15,2021-08-15 23:48:42
2021-32,graz,37,671,3667,1367,282,2021-08-09 00:05:49,2021-08-15 23:50:07
2021-32,grazamt,10,672,702,300,103,2021-08-09 00:05:52,2021-08-15 23:50:09
2021-32,grazuni,1,375,33,0,0,2021-08-12 02:19:47,2021-08-15 23:50:10
2021-32,gronau,8,672,241,159,61,2021-08-09 00:04:06,2021-08-15 23:49:06
2021-32,grossumstadt,3,672,227,149,44,2021-08-09 00:03:29,2021-08-15 23:48:22
2021-32,halbersadt,2,672,31,14,0,2021-08-09 00:05:54,2021-08-15 23:50:12
2021-32,halle,22,672,1003,580,246,2021-08-09 00:03:20,2021-08-15 23:48:21
2021-32,hammersbachtest,3,672,767,261,17,2021-08-09 00:05:57,2021-08-15 23:50:16
2021-32,heidelberg,6,672,610,267,182,2021-08-09 00:03:03,2021-08-15 23:48:04
2021-32,hersfeldtest,1,672,107,53,25,2021-08-09 00:06:05,2021-08-15 23:50:17
2021-32,hof,3,672,279,182,48,2021-08-09 00:04:12,2021-08-15 23:49:11
2021-32,hornberg,1,672,88,45,27,2021-08-09 00:03:30,2021-08-15 23:48:22
2021-32,hsktest,1,672,145,32,10,2021-08-09 00:06:07,2021-08-15 23:50:20
2021-32,huenstetten,4,672,111,51,15,2021-08-09 00:03:32,2021-08-15 23:48:25
2021-32,huettenberg,9,672,150,24,13,2021-08-09 00:03:39,2021-08-15 23:48:29
2021-32,ilmkreis,1,672,0,0,0,2021-08-09 00:03:02,2021-08-15 23:48:02
2021-32,impfthueringen,92,672,28323,14492,17784,2021-08-09 00:00:00,2021-08-15 23:45:00
2021-32,ingelheim,1,672,134,59,38,2021-08-09 00:04:20,2021-08-15 23:49:13
2021-32,itzehoe,3,192,20,5,1,2021-08-09 00:06:10,2021-08-15 11:19:45
2021-32,jena,5,672,859,644,293,2021-08-09 00:03:06,2021-08-15 23:48:05
2021-32,kaiserslauternausl,2,672,0,0,0,2021-08-09 00:03:02,2021-08-15 23:48:02
2021-32,kassel,14,672,1593,1148,483,2021-08-09 00:03:51,2021-08-15 23:48:37
2021-32,kelsterbach,1,672,75,42,25,2021-08-09 00:03:52,2021-08-15 23:48:37
2021-32,kreisbergstrasse,2,658,333,209,74,2021-08-09 00:03:14,2021-08-15 23:48:42
2021-32,kreisgermersheimkfz,1,672,88,54,19,2021-08-09 00:03:03,2021-08-15 23:48:03
2021-32,kreisgrossgerau,12,598,1001,389,270,2021-08-09 00:04:01,2021-08-15 23:48:43
2021-32,kreissteinfurt,1,233,30,21,4,2021-08-09 00:06:12,2021-08-11 10:05:11
2021-32,kreiswesel,4,672,1083,794,580,2021-08-09 00:03:05,2021-08-15 23:48:04
2021-32,kvmayenkoblenz,5,672,561,305,189,2021-08-09 00:04:33,2021-08-15 23:49:22
2021-32,lehrte,7,672,516,393,59,2021-08-09 00:06:24,2021-08-15 23:50:31
2021-32,leipzig,22,672,1763,1256,170,2021-08-09 00:03:14,2021-08-15 23:48:15
2021-32,leipzigstandesamt,3,672,93,57,15,2021-08-09 00:03:04,2021-08-15 23:48:03
2021-32,leun,6,171,90,14,1,2021-08-09 00:04:03,2021-08-14 14:34:00
2021-32,linsengericht,1,130,69,11,9,2021-08-09 00:04:05,2021-08-14 14:34:02
2021-32,loehne,64,672,830,73,7,2021-08-09 00:05:03,2021-08-15 23:49:53
2021-32,lramiesbach,3,672,350,200,136,2021-08-09 00:05:16,2021-08-15 23:49:58
2021-32,lramuenchenefa,4,672,99,50,15,2021-08-09 00:05:23,2021-08-15 23:50:01
2021-32,magdeburg,27,672,970,90,8,2021-08-09 00:03:26,2021-08-15 23:48:20
2021-32,mainz,16,671,1401,917,302,2021-08-09 00:03:22,2021-08-15 23:48:21
2021-32,minden,3,672,536,358,144,2021-08-09 00:05:29,2021-08-15 23:50:06
2021-32,mittenwalde,3,672,70,0,0,2021-08-09 00:06:25,2021-08-15 23:50:32
2021-32,moerlenbach,1,95,37,6,4,2021-08-09 00:04:06,2021-08-14 14:34:03
2021-32,neuisenburg,1,80,36,4,2,2021-08-09 00:04:07,2021-08-14 13:04:03
2021-32,niedenstein,1,66,30,3,1,2021-08-09 00:04:09,2021-08-14 04:19:11
2021-32,nordhausen,2,672,198,131,84,2021-08-09 00:03:05,2021-08-15 23:48:05
2021-32,oberasbach,1,2,1,0,0,2021-08-12 09:20:53,2021-08-13 08:50:10
2021-32,oberramstadt,5,19,41,2,1,2021-08-09 00:04:21,2021-08-13 23:34:21
2021-32,offenbach,9,13,54,2,0,2021-08-09 00:04:28,2021-08-13 23:34:31
2021-32,olfen,1,672,119,47,1,2021-08-09 00:06:34,2021-08-15 23:50:45
2021-32,paderborn,15,672,1534,682,480,2021-08-09 00:05:58,2021-08-15 23:50:35
2021-32,pfungstadt,2,8,13,1,0,2021-08-09 00:04:30,2021-08-13 23:34:33
2021-32,salzgitter,26,672,831,326,135,2021-08-09 00:06:44,2021-08-15 23:51:18
2021-32,schoenebeckelbe,1,672,54,33,10,2021-08-09 00:06:49,2021-08-15 23:51:21
2021-32,selm,2,208,23,17,1,2021-08-10 11:36:58,2021-08-12 16:35:37
2021-32,speyer,4,672,120,69,24,2021-08-09 00:06:53,2021-08-15 23:51:23
2021-32,stadtbergen,2,672,92,27,26,2021-08-09 00:06:37,2021-08-15 23:50:47
2021-32,stadtsoest,1,672,213,145,88,2021-08-09 00:06:55,2021-08-15 23:51:25
2021-32,steinburg,1,672,21,0,0,2021-08-09 00:06:57,2021-08-15 23:51:28
2021-32,teublitztest,1,672,139,94,23,2021-08-09 00:06:39,2021-08-15 23:50:49
2021-32,trier,5,672,240,112,38,2021-08-09 00:07:08,2021-08-15 23:51:40
2021-32,unna,2,672,181,106,66,2021-08-09 00:07:14,2021-08-15 23:51:43
2021-32,viernheim,1,7,6,1,0,2021-08-09 00:04:31,2021-08-13 23:34:34
2021-32,weilheimschongau,2,672,97,44,12,2021-08-09 00:07:18,2021-08-15 23:51:47
2021-32,weimar,1,672,160,85,53,2021-08-09 00:03:03,2021-08-15 23:48:03
2021-32,weiterstadt,2,6,10,2,0,2021-08-09 00:04:34,2021-08-09 15:34:56
2021-32,wiehl,1,66,1,0,0,2021-08-10 11:50:47,2021-08-13 08:05:18
2021-32,wittmund,3,672,199,94,42,2021-08-09 00:07:25,2021-08-15 23:51:53
2021-32,worms,6,672,567,351,230,2021-08-09 00:07:37,2021-08-15 23:52:04
2021-33,amberg,4,672,243,158,27,2021-08-16 00:03:05,2021-08-22 23:48:04
2021-33,badkreuznach,4,672,394,187,58,2021-08-16 00:03:10,2021-08-22 23:48:10
2021-33,bbmess,2,672,78,40,10,2021-08-16 00:03:03,2021-08-22 23:48:02
2021-33,bernkastelwittlich,3,672,428,293,132,2021-08-16 00:03:15,2021-08-22 23:48:16
2021-33,billerbeck,3,672,129,88,10,2021-08-16 00:03:15,2021-08-22 23:48:05
2021-33,blankenburg,2,672,123,106,5,2021-08-16 00:03:17,2021-08-22 23:48:06
2021-33,bonn,3,671,757,637,272,2021-08-16 00:03:58,2021-08-22 23:48:40
2021-33,bonnbau,1,672,44,1,0,2021-08-16 00:03:07,2021-08-22 23:48:05
2021-33,bonnjob,4,672,160,6,50,2021-08-16 00:03:18,2021-08-22 23:48:06
2021-33,burgendlandkaa,1,672,16,1,0,2021-08-16 00:03:18,2021-08-22 23:48:07
2021-33,butzbach,2,672,103,61,13,2021-08-16 00:03:19,2021-08-22 23:48:07
2021-33,cochemzell,6,672,424,115,59,2021-08-16 00:03:26,2021-08-22 23:48:28
2021-33,coesfeld,2,672,88,17,2,2021-08-16 00:03:20,2021-08-22 23:48:08
2021-33,daunvg,1,331,14,5,2,2021-08-17 09:03:13,2021-08-22 23:48:10
2021-33,dormagen,2,233,41,13,0,2021-08-16 00:03:23,2021-08-22 22:03:09
2021-33,dresden,3,672,158,100,33,2021-08-16 00:03:19,2021-08-22 23:48:12
2021-33,dresdenkfz,4,672,537,328,110,2021-08-16 00:03:23,2021-08-22 23:48:13
2021-33,duelmen,7,672,529,353,62,2021-08-16 00:04:04,2021-08-22 23:48:21
2021-33,egelsbach,3,153,11,4,1,2021-08-16 00:03:03,2021-08-17 14:33:04
2021-33,eislingen,16,672,567,74,143,2021-08-16 00:03:51,2021-08-22 23:48:55
2021-33,frankenthal,4,672,246,164,76,2021-08-16 00:03:57,2021-08-22 23:49:02
2021-33,frankfurt,14,153,670,371,275,2021-08-16 00:03:13,2021-08-17 14:33:14
2021-33,friedrichsdorf,9,153,189,59,13,2021-08-16 00:03:18,2021-08-17 14:33:19
2021-33,fuerthtest,1,672,219,54,47,2021-08-16 00:04:06,2021-08-22 23:48:21
2021-33,geldernsw,2,672,168,167,0,2021-08-16 00:04:06,2021-08-22 23:48:22
2021-33,goslartest,1,672,268,219,39,2021-08-16 00:04:08,2021-08-22 23:48:23
2021-33,graz,39,671,4057,1552,299,2021-08-16 00:05:45,2021-08-22 23:48:57
2021-33,grazamt,10,672,814,316,226,2021-08-16 00:05:47,2021-08-22 23:48:58
2021-33,grazuni,1,672,80,0,0,2021-08-16 00:05:48,2021-08-22 23:48:59
2021-33,gronau,8,672,363,136,57,2021-08-16 00:04:11,2021-08-22 23:49:18
2021-33,grossumstadt,3,154,82,54,16,2021-08-16 00:03:20,2021-08-17 14:33:21
2021-33,halbersadt,2,672,27,8,2,2021-08-16 00:05:50,2021-08-22 23:49:00
2021-33,halle,22,672,967,604,279,2021-08-16 00:03:20,2021-08-22 23:48:26
2021-33,hammersbachtest,3,672,855,480,42,2021-08-16 00:05:54,2021-08-22 23:49:01
2021-33,heidelberg,21,671,587,262,148,2021-08-16 00:03:04,2021-08-22 23:48:04
2021-33,hersfeldtest,1,672,127,63,32,2021-08-16 00:05:55,2021-08-22 23:49:02
2021-33,hof,3,672,271,193,31,2021-08-16 00:04:17,2021-08-22 23:49:24
2021-33,hornberg,1,154,33,14,7,2021-08-16 00:03:20,2021-08-17 14:33:21
2021-33,hsktest,1,672,137,35,15,2021-08-16 00:05:57,2021-08-22 23:49:03
2021-33,huenstetten,4,154,56,18,4,2021-08-16 00:03:22,2021-08-17 14:33:24
2021-33,huettenberg,9,154,58,13,2,2021-08-16 00:03:27,2021-08-17 14:33:30
2021-33,ilmkreis,1,672,0,0,0,2021-08-16 00:03:02,2021-08-22 23:48:02
2021-33,impfthueringen,80,672,23915,11828,14734,2021-08-16 00:00:00,2021-08-22 23:45:00
2021-33,ingelheim,1,672,117,52,34,2021-08-16 00:04:19,2021-08-22 23:49:27
2021-33,innsbruckpsych,1,113,4,1,1,2021-08-16 09:20:12,2021-08-17 13:19:35
2021-33,itzehoe,3,300,37,10,0,2021-08-16 06:34:43,2021-08-22 23:49:04
2021-33,jena,5,672,912,660,292,2021-08-16 00:03:07,2021-08-22 23:48:05
2021-33,kaiserslauternausl,2,671,0,0,0,2021-08-16 00:03:02,2021-08-22 23:48:02
2021-33,kassel,14,154,565,390,159,2021-08-16 00:03:34,2021-08-17 14:33:36
2021-33,kelsterbach,1,154,12,7,5,2021-08-16 00:03:35,2021-08-17 14:33:37
2021-33,kreisbergstrasse,2,662,350,207,95,2021-08-16 00:03:15,2021-08-22 23:49:03
2021-33,kreisgermersheimkfz,1,671,69,28,15,2021-08-16 00:03:03,2021-08-22 23:48:02
2021-33,kreisgrossgerau,12,91,208,39,38,2021-08-16 00:18:40,2021-08-17 13:48:44
2021-33,kreiswesel,4,672,1088,821,593,2021-08-16 00:03:05,2021-08-22 23:48:04
2021-33,kvmayenkoblenz,5,672,558,296,163,2021-08-16 00:04:28,2021-08-22 23:49:38
2021-33,lehrte,7,672,498,391,55,2021-08-16 00:06:10,2021-08-22 23:49:08
2021-33,leipzig,22,671,1511,1094,137,2021-08-16 00:03:14,2021-08-22 23:48:14
2021-33,leipzigstandesamt,3,672,91,44,19,2021-08-16 00:03:03,2021-08-22 23:48:03
2021-33,leun,3,2,0,0,0,2021-08-16 19:18:54,2021-08-17 00:22:10
2021-33,linsengericht,2,1,0,0,0,2021-08-17 00:22:11,2021-08-17 00:22:11
2021-33,loehne,16,671,862,70,13,2021-08-16 00:05:03,2021-08-22 23:50:10
2021-33,lramiesbach,3,672,302,176,117,2021-08-16 00:05:09,2021-08-22 23:50:16
2021-33,lramuenchenefa,2,672,116,55,19,2021-08-16 00:05:13,2021-08-22 23:50:21
2021-33,magdeburg,27,672,763,99,8,2021-08-16 00:03:20,2021-08-22 23:48:18
2021-33,mainz,16,672,1402,982,319,2021-08-16 00:03:25,2021-08-22 23:48:23
2021-33,minden,3,672,610,425,170,2021-08-16 00:05:19,2021-08-22 23:50:27
2021-33,mittenwalde,3,672,79,2,0,2021-08-16 00:06:10,2021-08-22 23:49:09
2021-33,moerlenbach,1,1,0,0,0,2021-08-17 00:22:12,2021-08-17 00:22:12
2021-33,neuisenburg,1,1,0,0,0,2021-08-17 00:22:13,2021-08-17 00:22:13
2021-33,niedenstein,1,1,0,0,0,2021-08-17 00:22:13,2021-08-17 00:22:13
2021-33,nordhausen,2,672,216,141,81,2021-08-16 00:03:05,2021-08-22 23:48:04
2021-33,oberasbach,2,243,21,8,2,2021-08-16 09:20:25,2021-08-22 18:19:13
2021-33,oberramstadt,5,1,0,0,0,2021-08-17 00:22:17,2021-08-17 00:22:17
2021-33,offenbach,4,1,0,0,0,2021-08-17 00:22:22,2021-08-17 00:22:22
2021-33,olfen,1,672,127,66,9,2021-08-16 00:06:24,2021-08-22 23:49:43
2021-33,paderborn,15,672,1506,638,433,2021-08-16 00:05:45,2021-08-22 23:50:57
2021-33,salzgitter,26,672,787,305,121,2021-08-16 00:06:35,2021-08-22 23:51:48
2021-33,schoenebeckelbe,1,671,46,22,11,2021-08-16 00:06:38,2021-08-22 23:51:50
2021-33,selm,2,341,11,5,0,2021-08-16 13:05:27,2021-08-22 16:04:45
2021-33,speyer,3,672,117,56,30,2021-08-16 00:06:40,2021-08-22 23:51:53
2021-33,stadtbergen,2,672,62,10,7,2021-08-16 00:06:26,2021-08-22 23:49:45
2021-33,stadtsoest,1,672,226,156,91,2021-08-16 00:06:43,2021-08-22 23:51:55
2021-33,steinburg,1,672,21,0,0,2021-08-16 00:06:45,2021-08-22 23:51:59
2021-33,teublitztest,1,672,123,84,27,2021-08-16 00:06:28,2021-08-22 23:49:46
2021-33,trier,5,671,264,120,51,2021-08-16 00:06:56,2021-08-22 23:52:09
2021-33,unna,2,672,175,87,64,2021-08-16 00:06:59,2021-08-22 23:52:13
2021-33,weilheimschongau,2,672,94,57,10,2021-08-16 00:07:02,2021-08-22 23:52:16
2021-33,weimar,1,672,182,94,65,2021-08-16 00:03:03,2021-08-22 23:48:02
2021-33,wittmund,3,672,201,79,47,2021-08-16 00:07:07,2021-08-22 23:52:22
2021-33,worms,6,672,589,380,213,2021-08-16 00:07:19,2021-08-22 23:52:34
2021-34,amberg,4,672,239,148,22,2021-08-23 00:03:05,2021-08-29 23:48:04
2021-34,badkreuznach,4,672,388,176,70,2021-08-23 00:03:11,2021-08-29 23:48:09
2021-34,bbmess,2,672,82,59,13,2021-08-23 00:03:03,2021-08-29 23:48:03
2021-34,bernkastelwittlich,3,671,442,285,169,2021-08-23 00:03:15,2021-08-29 23:48:14
2021-34,billerbeck,3,672,159,85,15,2021-08-23 00:03:06,2021-08-29 23:48:05
2021-34,blankenburg,2,672,80,68,7,2021-08-23 00:03:06,2021-08-29 23:48:05
2021-34,bonn,3,672,753,608,300,2021-08-23 00:03:42,2021-08-29 23:48:27
2021-34,bonnbau,1,672,46,2,0,2021-08-23 00:03:06,2021-08-29 23:48:03
2021-34,bonnjob,4,672,106,2,23,2021-08-23 00:03:07,2021-08-29 23:48:06
2021-34,burgendlandkaa,1,672,13,1,0,2021-08-23 00:03:08,2021-08-29 23:48:07
2021-34,butzbach,2,672,130,61,6,2021-08-23 00:03:08,2021-08-29 23:48:07
2021-34,cochemzell,6,672,401,104,54,2021-08-23 00:03:27,2021-08-29 23:48:25
2021-34,coesfeld,2,672,61,2,1,2021-08-23 00:03:09,2021-08-29 23:48:08
2021-34,daunvg,1,672,31,22,2,2021-08-23 00:03:11,2021-08-29 23:48:09
2021-34,dormagen,5,396,138,96,3,2021-08-23 10:33:13,2021-08-29 17:48:09
2021-34,dresden,3,672,185,105,60,2021-08-23 00:03:12,2021-08-29 23:48:07
2021-34,dresdenkfz,4,672,550,311,106,2021-08-23 00:03:15,2021-08-29 23:48:09
2021-34,duelmen,9,671,502,319,79,2021-08-23 00:03:22,2021-08-29 23:48:22
2021-34,eislingen,16,671,688,95,184,2021-08-23 00:03:50,2021-08-29 23:48:49
2021-34,frankenthal,4,671,253,157,71,2021-08-23 00:03:58,2021-08-29 23:48:55
2021-34,fuerthtest,1,672,199,43,41,2021-08-23 00:03:23,2021-08-29 23:48:23
2021-34,geldernsw,1,672,167,167,0,2021-08-23 00:03:24,2021-08-29 23:48:23
2021-34,goslartest,1,672,249,202,27,2021-08-23 00:03:25,2021-08-29 23:48:24
2021-34,graz,39,672,3870,1581,350,2021-08-23 00:04:00,2021-08-29 23:48:48
2021-34,grazamt,10,672,480,156,103,2021-08-23 00:04:02,2021-08-29 23:48:49
2021-34,grazuni,1,672,80,0,0,2021-08-23 00:04:03,2021-08-29 23:48:49
2021-34,gronau,8,671,332,131,41,2021-08-23 00:04:11,2021-08-29 23:49:10
2021-34,halbersadt,2,672,31,10,0,2021-08-23 00:04:04,2021-08-29 23:48:50
2021-34,halle,22,672,972,660,246,2021-08-23 00:03:23,2021-08-29 23:48:28
2021-34,hammersbachtest,3,672,877,639,76,2021-08-23 00:04:06,2021-08-29 23:48:51
2021-34,heidelberg,7,672,599,308,154,2021-08-23 00:03:05,2021-08-29 23:48:04
2021-34,hersfeldtest,1,672,203,89,93,2021-08-23 00:04:06,2021-08-29 23:48:54
2021-34,hof,3,671,279,180,49,2021-08-23 00:04:17,2021-08-29 23:49:16
2021-34,hsktest,1,672,155,14,9,2021-08-23 00:04:07,2021-08-29 23:48:54
2021-34,ilmkreis,1,672,0,0,0,2021-08-23 00:03:03,2021-08-29 23:48:02
2021-34,impfthueringen,50,672,15011,9815,10583,2021-08-23 00:00:00,2021-08-29 23:45:00
2021-34,ingelheim,1,671,164,77,57,2021-08-23 00:04:19,2021-08-29 23:49:17
2021-34,innsbruckpsych,1,37,0,0,0,2021-08-29 14:48:36,2021-08-29 23:48:54
2021-34,itzehoe,3,204,26,6,1,2021-08-23 00:04:08,2021-08-29 23:48:54
2021-34,jena,5,672,954,734,320,2021-08-23 00:03:06,2021-08-29 23:48:05
2021-34,kaiserslauternausl,2,672,0,0,0,2021-08-23 00:03:02,2021-08-29 23:48:02
2021-34,kreisbergstrasse,2,631,306,171,94,2021-08-23 00:03:10,2021-08-29 23:48:08
2021-34,kreisgermersheimkfz,1,669,13,6,6,2021-08-23 00:03:02,2021-08-29 23:48:02
2021-34,kreiswesel,4,668,1121,830,605,2021-08-23 00:03:05,2021-08-29 23:48:04
2021-34,kvmayenkoblenz,5,671,564,264,148,2021-08-23 00:04:30,2021-08-29 23:49:27
2021-34,lehrte,7,672,441,314,97,2021-08-23 00:04:12,2021-08-29 23:49:08
2021-34,leipzig,22,671,1588,1180,188,2021-08-23 00:03:15,2021-08-29 23:48:14
2021-34,leipzigstandesamt,3,672,123,74,27,2021-08-23 00:03:03,2021-08-29 23:48:03
2021-34,loehne,16,671,809,65,6,2021-08-23 00:05:03,2021-08-29 23:49:57
2021-34,lramiesbach,3,671,342,192,114,2021-08-23 00:05:07,2021-08-29 23:50:01
2021-34,lramuenchenefa,2,671,186,65,19,2021-08-23 00:05:12,2021-08-29 23:50:04
2021-34,magdeburg,27,672,668,100,67,2021-08-23 00:03:21,2021-08-29 23:48:15
2021-34,mainz,16,671,1354,929,310,2021-08-23 00:03:21,2021-08-29 23:48:27
2021-34,minden,3,671,570,395,158,2021-08-23 00:05:17,2021-08-29 23:50:09
2021-34,mittenwalde,3,672,72,4,0,2021-08-23 00:04:13,2021-08-29 23:49:08
2021-34,nordhausen,2,672,192,133,77,2021-08-23 00:03:05,2021-08-29 23:48:04
2021-34,oberasbach,2,91,7,2,0,2021-08-23 12:19:18,2021-08-27 09:49:04
2021-34,olfen,1,671,118,53,11,2021-08-23 00:04:49,2021-08-29 23:49:38
2021-34,paderborn,15,671,1434,618,468,2021-08-23 00:05:42,2021-08-29 23:50:36
2021-34,salzgitter,26,671,883,373,170,2021-08-23 00:06:31,2021-08-29 23:51:19
2021-34,schoenebeckelbe,1,671,37,16,9,2021-08-23 00:06:36,2021-08-29 23:51:21
2021-34,selm,2,101,2,1,0,2021-08-23 12:04:54,2021-08-26 14:19:33
2021-34,speyer,3,671,153,79,28,2021-08-23 00:06:39,2021-08-29 23:51:24
2021-34,stadtbergen,2,672,82,15,34,2021-08-23 00:04:50,2021-08-29 23:49:41
2021-34,stadtsoest,1,671,247,171,103,2021-08-23 00:06:41,2021-08-29 23:51:26
2021-34,steinburg,2,671,23,0,1,2021-08-23 00:06:43,2021-08-29 23:51:31
2021-34,teublitztest,1,672,141,74,38,2021-08-23 00:04:51,2021-08-29 23:49:44
2021-34,trier,5,671,247,103,41,2021-08-23 00:06:52,2021-08-29 23:51:40
2021-34,unna,2,671,176,100,61,2021-08-23 00:06:55,2021-08-29 23:51:44
2021-34,weilheimschongau,2,671,98,45,15,2021-08-23 00:06:59,2021-08-29 23:51:48
2021-34,weimar,1,672,225,115,99,2021-08-23 00:03:03,2021-08-29 23:48:02
2021-34,wiehl,1,10,0,0,0,2021-08-26 14:04:43,2021-08-26 16:19:42
2021-34,wittmund,3,671,198,76,52,2021-08-23 00:07:03,2021-08-29 23:51:54
2021-34,worms,6,671,618,409,210,2021-08-23 00:07:16,2021-08-29 23:52:04
2021-35,amberg,4,672,264,174,23,2021-08-30 00:03:04,2021-09-05 23:48:04
2021-35,badkreuznach,4,672,420,211,75,2021-08-30 00:03:09,2021-09-05 23:48:09
2021-35,bbmess,2,672,87,63,5,2021-08-30 00:03:03,2021-09-05 23:48:04
2021-35,bernkastelwittlich,3,672,429,292,143,2021-08-30 00:03:14,2021-09-05 23:48:14
2021-35,billerbeck,2,672,98,70,7,2021-08-30 00:03:05,2021-09-05 23:48:07
2021-35,blankenburg,2,672,94,76,6,2021-08-30 00:03:05,2021-09-05 23:48:08
2021-35,bonn,3,671,783,582,242,2021-08-30 00:03:10,2021-09-05 23:48:31
2021-35,bonnbau,1,672,47,4,0,2021-08-30 00:03:03,2021-09-05 23:48:06
2021-35,bonnjob,4,672,163,8,27,2021-08-30 00:03:06,2021-09-05 23:48:09
2021-35,burgendlandkaa,1,672,16,1,0,2021-08-30 00:03:07,2021-09-05 23:48:10
2021-35,butzbach,2,672,123,99,4,2021-08-30 00:03:07,2021-09-05 23:48:10
2021-35,cochemzell,6,672,420,129,49,2021-08-30 00:03:26,2021-09-05 23:48:25
2021-35,coesfeld,2,672,93,13,4,2021-08-30 00:03:08,2021-09-05 23:48:12
2021-35,daunvg,1,672,33,21,2,2021-08-30 00:03:09,2021-09-05 23:48:13
2021-35,dormagen,2,6,3,1,0,2021-08-30 16:18:12,2021-09-04 09:03:16
2021-35,dresden,3,672,162,104,54,2021-08-30 00:03:07,2021-09-05 23:48:16
2021-35,dresdenkfz,4,672,558,330,123,2021-08-30 00:03:09,2021-09-05 23:48:19
2021-35,duelmen,9,672,578,391,63,2021-08-30 00:03:23,2021-09-05 23:48:36
2021-35,eislingen,16,672,613,67,122,2021-08-30 00:03:52,2021-09-05 23:48:49
2021-35,frankenthal,4,672,250,154,89,2021-08-30 00:03:59,2021-09-05 23:48:55
2021-35,fuerthtest,1,672,225,40,33,2021-08-30 00:03:23,2021-09-05 23:48:37
2021-35,geldernsw,1,672,167,167,0,2021-08-30 00:03:24,2021-09-05 23:48:38
2021-35,goslartest,1,672,282,210,31,2021-08-30 00:03:24,2021-09-05 23:48:40
2021-35,graz,42,670,3774,1936,318,2021-08-30 00:03:50,2021-09-05 23:49:57
2021-35,grazamt,10,671,587,305,93,2021-08-30 00:03:51,2021-09-05 23:50:00
2021-35,grazuni,1,672,83,1,0,2021-08-30 00:03:51,2021-09-05 23:50:02
2021-35,gronau,8,672,351,146,71,2021-08-30 00:04:14,2021-09-05 23:49:09
2021-35,halbersadt,2,672,27,8,1,2021-08-30 00:03:52,2021-09-05 23:50:02
2021-35,halle,22,672,1124,733,270,2021-08-30 00:03:27,2021-09-05 23:48:26
2021-35,hammersbachtest,3,672,666,412,28,2021-08-30 00:03:54,2021-09-05 23:50:07
2021-35,heidelberg,7,672,605,343,171,2021-08-30 00:03:04,2021-09-05 23:48:03
2021-35,hersfeldtest,1,672,140,61,59,2021-08-30 00:03:57,2021-09-05 23:50:08
2021-35,hof,3,672,258,150,51,2021-08-30 00:04:20,2021-09-05 23:49:14
2021-35,hsktest,1,672,144,16,5,2021-08-30 00:03:58,2021-09-05 23:50:11
2021-35,ilmkreis,1,672,0,0,0,2021-08-30 00:03:02,2021-09-05 23:48:02
2021-35,impfthueringen,46,672,13206,9062,9283,2021-08-30 00:00:00,2021-09-05 23:45:00
2021-35,ingelheim,1,672,154,63,55,2021-08-30 00:04:21,2021-09-05 23:49:16
2021-35,innsbruckpsych,1,295,5,1,0,2021-08-30 00:03:58,2021-09-04 09:51:16
2021-35,itzehoe,3,514,96,64,3,2021-08-30 00:03:58,2021-09-05 23:50:11
2021-35,jena,5,670,1045,787,372,2021-08-30 00:03:06,2021-09-05 23:48:05
2021-35,kaiserslauternausl,2,672,0,0,0,2021-08-30 00:03:01,2021-09-05 23:48:01
2021-35,kreisbergstrasse,2,662,326,191,86,2021-08-30 00:03:11,2021-09-05 23:48:32
2021-35,kreisgermersheimkfz,1,672,56,26,7,2021-08-30 00:03:02,2021-09-05 23:48:03
2021-35,kreiswesel,4,672,1082,799,566,2021-08-30 00:03:04,2021-09-05 23:48:03
2021-35,kvmayenkoblenz,5,672,657,309,185,2021-08-30 00:04:30,2021-09-05 23:49:24
2021-35,lehrte,7,672,482,349,63,2021-08-30 00:04:12,2021-09-05 23:50:21
2021-35,leipzig,22,672,1624,1196,189,2021-08-30 00:03:14,2021-09-05 23:48:13
2021-35,leipzigstandesamt,3,672,84,46,18,2021-08-30 00:03:02,2021-09-05 23:48:02
2021-35,loehne,16,672,854,83,19,2021-08-30 00:05:04,2021-09-05 23:49:57
2021-35,lramiesbach,3,672,301,190,92,2021-08-30 00:05:08,2021-09-05 23:50:02
2021-35,lramuenchenefa,2,672,154,42,21,2021-08-30 00:05:11,2021-09-05 23:50:07
2021-35,magdeburg,27,637,677,107,21,2021-08-30 00:03:14,2021-09-05 23:48:19
2021-35,mainz,17,672,1405,981,322,2021-08-30 00:03:20,2021-09-05 23:48:21
2021-35,minden,3,672,589,389,165,2021-08-30 00:05:17,2021-09-05 23:50:12
2021-35,mittenwalde,3,672,80,11,1,2021-08-30 00:04:12,2021-09-05 23:50:22
2021-35,nordhausen,2,672,205,137,72,2021-08-30 00:03:04,2021-09-05 23:48:04
2021-35,oberasbach,1,54,0,0,0,2021-09-01 17:37:22,2021-09-02 06:50:38
2021-35,oesterreichgk,1,384,0,0,0,2021-09-02 00:06:35,2021-09-05 23:51:02
2021-35,olfen,1,672,107,57,4,2021-08-30 00:04:43,2021-09-05 23:51:03
2021-35,paderborn,15,672,1455,674,445,2021-08-30 00:05:43,2021-09-05 23:50:39
2021-35,salzgitter,26,672,893,356,175,2021-08-30 00:06:32,2021-09-05 23:51:33
2021-35,schoenebeckelbe,1,672,43,18,10,2021-08-30 00:06:34,2021-09-05 23:51:35
2021-35,selm,2,43,4,0,0,2021-08-30 09:19:39,2021-09-02 11:37:16
2021-35,speyer,6,672,138,85,16,2021-08-30 00:06:37,2021-09-05 23:51:38
2021-35,stadtbergen,2,672,110,35,42,2021-08-30 00:04:45,2021-09-05 23:51:05
2021-35,stadtsoest,1,672,239,171,107,2021-08-30 00:06:40,2021-09-05 23:51:39
2021-35,steinburg,2,672,24,3,0,2021-08-30 00:06:43,2021-09-05 23:51:44
2021-35,teublitztest,1,672,174,103,55,2021-08-30 00:04:48,2021-09-05 23:51:07
2021-35,trier,5,672,259,109,51,2021-08-30 00:06:54,2021-09-05 23:51:55
2021-35,unna,2,672,242,131,100,2021-08-30 00:06:57,2021-09-05 23:51:58
2021-35,weilheimschongau,2,672,70,35,7,2021-08-30 00:07:01,2021-09-05 23:52:02
2021-35,weimar,1,668,254,118,105,2021-08-30 00:03:02,2021-09-05 23:48:02
2021-35,wittmund,3,672,203,87,47,2021-08-30 00:07:05,2021-09-05 23:52:09
2021-35,worms,6,672,741,470,269,2021-08-30 00:07:18,2021-09-05 23:52:18
2021-36,amberg,5,672,207,122,10,2021-09-06 00:03:04,2021-09-12 23:48:04
2021-36,badkreuznach,4,671,395,203,82,2021-09-06 00:03:11,2021-09-12 23:48:10
2021-36,bbmess,2,308,65,39,10,2021-09-06 00:03:04,2021-09-12 00:33:03
2021-36,bernkastelwittlich,3,671,501,333,172,2021-09-06 00:03:17,2021-09-12 23:48:15
2021-36,billerbeck,2,672,102,81,7,2021-09-06 00:03:08,2021-09-12 23:48:08
2021-36,blankenburg,2,672,86,58,3,2021-09-06 00:03:08,2021-09-12 23:48:08
2021-36,bonn,3,672,699,557,191,2021-09-06 00:03:32,2021-09-12 23:48:37
2021-36,bonnbau,1,672,47,9,0,2021-09-06 00:03:07,2021-09-12 23:48:05
2021-36,bonnjob,4,672,172,8,54,2021-09-06 00:03:09,2021-09-12 23:48:09
2021-36,burgendlandkaa,1,672,14,0,0,2021-09-06 00:03:10,2021-09-12 23:48:10
2021-36,butzbach,2,672,146,84,14,2021-09-06 00:03:10,2021-09-12 23:48:10
2021-36,cochemzell,6,672,396,97,33,2021-09-06 00:03:28,2021-09-12 23:48:26
2021-36,coesfeld,2,672,94,17,0,2021-09-06 00:03:13,2021-09-12 23:48:12
2021-36,daunvg,1,672,36,29,0,2021-09-06 00:03:14,2021-09-12 23:48:13
2021-36,dormagen,2,29,6,4,0,2021-09-06 09:33:18,2021-09-11 10:48:12
2021-36,dresden,3,671,186,106,58,2021-09-06 00:03:15,2021-09-12 23:48:18
2021-36,dresdenkfz,4,671,590,364,111,2021-09-06 00:03:20,2021-09-12 23:48:18
2021-36,duelmen,9,671,567,396,61,2021-09-06 00:03:37,2021-09-12 23:48:32
2021-36,eislingen,16,672,541,109,97,2021-09-06 00:03:53,2021-09-12 23:48:52
2021-36,frankenthal,4,672,244,158,69,2021-09-06 00:04:00,2021-09-12 23:48:59
2021-36,fuerthtest,1,672,281,81,66,2021-09-06 00:03:38,2021-09-12 23:48:33
2021-36,geldernsw,2,672,167,167,0,2021-09-06 00:03:39,2021-09-12 23:48:34
2021-36,goslartest,1,672,239,178,25,2021-09-06 00:03:40,2021-09-12 23:48:36
2021-36,graz,42,669,3845,2002,341,2021-09-06 00:05:00,2021-09-12 23:49:44
2021-36,grazamt,8,671,466,316,66,2021-09-06 00:05:02,2021-09-12 23:49:46
2021-36,grazuni,1,672,83,0,0,2021-09-06 00:05:04,2021-09-12 23:49:48
2021-36,gronau,8,672,323,137,49,2021-09-06 00:04:15,2021-09-12 23:49:13
2021-36,halbersadt,2,672,33,11,1,2021-09-06 00:05:05,2021-09-12 23:49:49
2021-36,halle,22,672,1070,704,265,2021-09-06 00:03:26,2021-09-12 23:48:26
2021-36,hammersbachtest,3,672,787,474,35,2021-09-06 00:05:10,2021-09-12 23:49:52
2021-36,heidelberg,7,672,592,307,178,2021-09-06 00:03:04,2021-09-12 23:48:04
2021-36,hersfeldtest,1,672,132,58,36,2021-09-06 00:05:11,2021-09-12 23:49:52
2021-36,hof,3,671,259,155,41,2021-09-06 00:04:22,2021-09-12 23:49:20
2021-36,hsktest,1,672,142,5,2,2021-09-06 00:05:14,2021-09-12 23:49:54
2021-36,ilmkreis,1,672,0,0,0,2021-09-06 00:03:02,2021-09-12 23:48:02
2021-36,impfthueringen,92,672,28978,14720,17545,2021-09-06 00:00:00,2021-09-12 23:45:00
2021-36,ingelheim,1,672,165,94,68,2021-09-06 00:04:24,2021-09-12 23:49:22
2021-36,itzehoe,3,432,91,60,7,2021-09-06 00:05:14,2021-09-12 23:49:55
2021-36,jena,5,672,1042,808,372,2021-09-06 00:03:06,2021-09-12 23:48:04
2021-36,kaiserslauternausl,2,672,0,0,0,2021-09-06 00:03:02,2021-09-12 23:48:01
2021-36,kreisbergstrasse,2,583,290,172,74,2021-09-06 00:03:28,2021-09-12 23:48:19
2021-36,kreisgermersheimkfz,1,672,91,51,14,2021-09-06 00:03:04,2021-09-12 23:48:03
2021-36,kreiswesel,4,669,1064,755,574,2021-09-06 00:03:04,2021-09-12 23:48:04
2021-36,kvmayenkoblenz,5,672,587,295,186,2021-09-06 00:04:36,2021-09-12 23:49:31
2021-36,lehrte,7,672,469,329,61,2021-09-06 00:05:24,2021-09-12 23:50:04
2021-36,leipzig,22,672,1612,1168,202,2021-09-06 00:03:13,2021-09-12 23:48:15
2021-36,leipzigstandesamt,3,672,59,33,10,2021-09-06 00:03:02,2021-09-12 23:48:03
2021-36,loehne,16,671,880,186,41,2021-09-06 00:05:10,2021-09-12 23:50:04
2021-36,lramiesbach,3,672,314,183,120,2021-09-06 00:05:14,2021-09-12 23:50:10
2021-36,lramuenchenefa,2,672,193,63,29,2021-09-06 00:05:18,2021-09-12 23:50:14
2021-36,magdeburg,27,567,597,99,82,2021-09-06 00:03:19,2021-09-12 23:48:16
2021-36,mainz,16,672,1486,1063,308,2021-09-06 00:03:25,2021-09-12 23:48:22
2021-36,minden,3,672,573,385,157,2021-09-06 00:05:24,2021-09-12 23:50:20
2021-36,mittenwalde,3,672,94,17,0,2021-09-06 00:05:25,2021-09-12 23:50:05
2021-36,nordhausen,2,672,212,135,89,2021-09-06 00:03:04,2021-09-12 23:48:04
2021-36,oberasbach,1,4,0,0,0,2021-09-10 08:51:31,2021-09-10 09:36:28
2021-36,oesterreichgk,3,672,0,0,0,2021-09-06 00:06:13,2021-09-12 23:50:40
2021-36,olfen,1,672,123,68,8,2021-09-06 00:06:14,2021-09-12 23:50:41
2021-36,paderborn,15,672,1633,757,566,2021-09-06 00:05:53,2021-09-12 23:50:47
2021-36,salzgitter,26,672,918,378,158,2021-09-06 00:06:45,2021-09-12 23:51:35
2021-36,schoenebeckelbe,1,672,47,22,9,2021-09-06 00:06:47,2021-09-12 23:51:40
2021-36,selm,2,142,11,6,1,2021-09-06 09:53:20,2021-09-09 21:21:44
2021-36,speyer,4,672,171,108,24,2021-09-06 00:06:50,2021-09-12 23:51:43
2021-36,stadtbergen,2,672,115,42,41,2021-09-06 00:06:16,2021-09-12 23:50:43
2021-36,stadtsoest,1,672,219,150,104,2021-09-06 00:06:54,2021-09-12 23:51:45
2021-36,steinburg,2,672,28,0,2,2021-09-06 00:06:58,2021-09-12 23:51:49
2021-36,teublitztest,1,672,154,75,54,2021-09-06 00:06:18,2021-09-12 23:50:44
2021-36,trier,7,672,245,92,45,2021-09-06 00:07:10,2021-09-12 23:51:58
2021-36,unna,2,672,222,132,100,2021-09-06 00:07:14,2021-09-12 23:52:04
2021-36,weilheimschongau,2,672,72,25,8,2021-09-06 00:07:17,2021-09-12 23:52:07
2021-36,weimar,1,672,184,83,72,2021-09-06 00:03:02,2021-09-12 23:48:02
2021-36,wiehl,1,6,1,0,0,2021-09-06 07:51:22,2021-09-07 10:36:52
2021-36,wittmund,3,672,226,91,69,2021-09-06 00:07:22,2021-09-12 23:52:12
2021-36,worms,6,672,645,401,244,2021-09-06 00:07:36,2021-09-12 23:52:26
2021-37,amberg,5,671,270,138,29,2021-09-13 00:03:05,2021-09-19 23:48:04
2021-37,badkreuznach,4,672,354,151,64,2021-09-13 00:03:10,2021-09-19 23:48:13
2021-37,bbmess,2,128,27,3,2,2021-09-13 05:48:04,2021-09-17 08:33:04
2021-37,bernkastelwittlich,3,672,390,264,132,2021-09-13 00:03:16,2021-09-19 23:48:17
2021-37,billerbeck,3,672,112,71,18,2021-09-13 00:03:09,2021-09-19 23:48:09
2021-37,blankenburg,2,672,66,53,2,2021-09-13 00:03:09,2021-09-19 23:48:10
2021-37,bonn,3,672,737,577,280,2021-09-13 00:03:37,2021-09-19 23:48:43
2021-37,bonnbau,1,672,43,5,0,2021-09-13 00:03:07,2021-09-19 23:48:06
2021-37,bonnjob,4,672,172,8,54,2021-09-13 00:03:10,2021-09-19 23:48:11
2021-37,burgendlandkaa,1,672,16,0,0,2021-09-13 00:03:11,2021-09-19 23:48:11
2021-37,butzbach,2,672,130,69,11,2021-09-13 00:03:11,2021-09-19 23:48:12
2021-37,cochemzell,6,672,420,151,51,2021-09-13 00:03:27,2021-09-19 23:48:28
2021-37,coesfeld,2,672,90,14,5,2021-09-13 00:03:13,2021-09-19 23:48:13
2021-37,daunvg,1,672,66,51,5,2021-09-13 00:03:14,2021-09-19 23:48:14
2021-37,dormagen,1,10,2,1,0,2021-09-14 11:33:12,2021-09-14 13:48:13
2021-37,dresden,3,672,176,99,55,2021-09-13 00:03:20,2021-09-19 23:48:15
2021-37,dresdenkfz,4,672,622,388,120,2021-09-13 00:03:22,2021-09-19 23:48:17
2021-37,duelmen,7,672,490,311,70,2021-09-13 00:03:34,2021-09-19 23:48:30
2021-37,eislingen,16,672,352,32,10,2021-09-13 00:03:51,2021-09-19 23:48:52
2021-37,frankenthal,4,672,268,159,82,2021-09-13 00:03:58,2021-09-19 23:49:00
2021-37,fuerthtest,1,672,233,43,49,2021-09-13 00:03:34,2021-09-19 23:48:30
2021-37,geldernsw,2,672,167,167,0,2021-09-13 00:03:35,2021-09-19 23:48:31
2021-37,goslartest,1,672,246,188,29,2021-09-13 00:03:37,2021-09-19 23:48:32
2021-37,graz,42,672,3843,2155,519,2021-09-13 00:04:47,2021-09-19 23:49:25
2021-37,grazamt,6,672,429,281,78,2021-09-13 00:04:49,2021-09-19 23:49:26
2021-37,grazuni,1,672,80,0,0,2021-09-13 00:04:51,2021-09-19 23:49:28
2021-37,gronau,8,672,282,134,45,2021-09-13 00:04:14,2021-09-19 23:49:15
2021-37,halbersadt,2,672,25,14,1,2021-09-13 00:04:52,2021-09-19 23:49:29
2021-37,halle,22,672,1175,733,343,2021-09-13 00:03:25,2021-09-19 23:48:31
2021-37,hammersbachtest,3,672,751,390,29,2021-09-13 00:04:55,2021-09-19 23:49:31
2021-37,heidelberg,7,672,612,302,184,2021-09-13 00:03:04,2021-09-19 23:48:04
2021-37,hersfeldtest,1,672,92,26,13,2021-09-13 00:04:56,2021-09-19 23:49:32
2021-37,hof,3,672,252,140,50,2021-09-13 00:04:20,2021-09-19 23:49:22
2021-37,hsktest,1,672,145,9,5,2021-09-13 00:04:58,2021-09-19 23:49:34
2021-37,ilmkreis,1,672,0,0,0,2021-09-13 00:03:02,2021-09-19 23:48:02
2021-37,impfthueringen,92,668,27118,13768,16288,2021-09-13 00:00:00,2021-09-19 23:45:00
2021-37,ingelheim,1,672,145,68,57,2021-09-13 00:04:22,2021-09-19 23:49:24
2021-37,itzehoe,3,472,49,31,4,2021-09-13 00:04:59,2021-09-19 20:04:34
2021-37,jena,5,672,899,671,336,2021-09-13 00:03:06,2021-09-19 23:48:05
2021-37,kaiserslauternausl,2,672,0,0,0,2021-09-13 00:03:02,2021-09-19 23:48:02
2021-37,kreisbergstrasse,2,669,374,235,107,2021-09-13 00:03:14,2021-09-19 23:48:19
2021-37,kreisgermersheimkfz,1,671,85,39,13,2021-09-13 00:03:03,2021-09-19 23:48:03
2021-37,kreiswesel,4,672,1085,814,605,2021-09-13 00:03:04,2021-09-19 23:48:04
2021-37,kvmayenkoblenz,5,672,595,314,192,2021-09-13 00:04:36,2021-09-19 23:49:34
2021-37,lehrte,7,672,522,401,62,2021-09-13 00:05:08,2021-09-19 23:49:41
2021-37,leipzig,22,672,1701,1209,204,2021-09-13 00:03:16,2021-09-19 23:48:15
2021-37,leipzigstandesamt,3,672,99,48,22,2021-09-13 00:03:03,2021-09-19 23:48:04
2021-37,loehne,16,672,831,192,47,2021-09-13 00:05:06,2021-09-19 23:50:06
2021-37,lramiesbach,3,672,301,199,102,2021-09-13 00:05:11,2021-09-19 23:50:12
2021-37,lramuenchenefa,2,672,180,40,15,2021-09-13 00:05:17,2021-09-19 23:50:16
2021-37,magdeburg,27,567,490,194,23,2021-09-13 00:03:17,2021-09-19 23:48:13
2021-37,mainz,16,647,1467,994,332,2021-09-13 00:03:27,2021-09-19 23:48:22
2021-37,minden,3,672,541,368,158,2021-09-13 00:05:22,2021-09-19 23:50:21
2021-37,mittenwalde,3,672,97,20,2,2021-09-13 00:05:09,2021-09-19 23:49:41
2021-37,nordhausen,2,671,163,106,51,2021-09-13 00:03:05,2021-09-19 23:48:04
2021-37,oberasbach,2,218,1,0,0,2021-09-13 09:35:32,2021-09-19 17:04:43
2021-37,oesterreichgk,5,669,0,0,0,2021-09-13 00:05:44,2021-09-19 23:50:18
2021-37,olfen,1,672,122,61,13,2021-09-13 00:05:45,2021-09-19 23:50:18
2021-37,paderborn,18,672,1509,659,468,2021-09-13 00:05:51,2021-09-19 23:50:53
2021-37,salzgitter,26,671,951,402,128,2021-09-13 00:06:40,2021-09-19 23:51:39
2021-37,schoenebeckelbe,1,672,47,24,10,2021-09-13 00:06:42,2021-09-19 23:51:41
2021-37,selm,2,499,21,11,0,2021-09-13 09:06:14,2021-09-19 23:50:19
2021-37,speyer,13,672,197,125,17,2021-09-13 00:06:46,2021-09-19 23:51:45
2021-37,stadtbergen,2,588,90,42,36,2021-09-13 00:05:46,2021-09-19 23:50:19
2021-37,stadtsoest,1,672,205,140,86,2021-09-13 00:06:50,2021-09-19 23:51:48
2021-37,steinburg,2,672,23,1,0,2021-09-13 00:06:54,2021-09-19 23:51:52
2021-37,teublitztest,1,672,141,82,34,2021-09-13 00:05:48,2021-09-19 23:50:20
2021-37,trier,5,672,285,125,57,2021-09-13 00:07:07,2021-09-19 23:52:05
2021-37,unna,2,672,194,115,82,2021-09-13 00:07:11,2021-09-19 23:52:08
2021-37,weilheimschongau,2,672,126,54,23,2021-09-13 00:07:16,2021-09-19 23:52:11
2021-37,weimar,2,672,230,95,103,2021-09-13 00:03:03,2021-09-19 23:48:03
2021-37,wittmund,3,672,188,66,50,2021-09-13 00:07:21,2021-09-19 23:52:16
2021-37,worms,6,671,684,488,157,2021-09-13 00:07:33,2021-09-19 23:52:28
2021-38,amberg,5,670,255,139,10,2021-09-20 00:03:04,2021-09-26 23:48:04
2021-38,badkreuznach,4,672,412,204,73,2021-09-20 00:03:10,2021-09-26 23:48:11
2021-38,bbmess,2,137,8,3,0,2021-09-21 06:33:04,2021-09-26 03:18:04
2021-38,bernkastelwittlich,3,672,428,274,149,2021-09-20 00:03:15,2021-09-26 23:48:16
2021-38,billerbeck,3,671,97,72,8,2021-09-20 00:03:08,2021-09-26 23:48:07
2021-38,blankenburg,2,671,54,37,3,2021-09-20 00:03:09,2021-09-26 23:48:07
2021-38,bonn,3,672,715,604,259,2021-09-20 00:03:41,2021-09-26 23:48:26
2021-38,bonnbau,1,672,45,2,0,2021-09-20 00:03:05,2021-09-26 23:48:03
2021-38,bonnjob,4,671,154,6,50,2021-09-20 00:03:09,2021-09-26 23:48:08
2021-38,burgendlandkaa,1,671,13,0,0,2021-09-20 00:03:10,2021-09-26 23:48:08
2021-38,butzbach,2,671,99,48,11,2021-09-20 00:03:11,2021-09-26 23:48:09
2021-38,cochemzell,6,672,438,150,50,2021-09-20 00:03:27,2021-09-26 23:48:25
2021-38,coesfeld,2,672,75,6,7,2021-09-20 00:03:12,2021-09-26 23:48:09
2021-38,daunvg,1,672,38,29,3,2021-09-20 00:03:12,2021-09-26 23:48:10
2021-38,dormagen,2,67,11,3,0,2021-09-21 10:33:14,2021-09-24 12:48:09
2021-38,dresden,3,671,149,85,44,2021-09-20 00:03:13,2021-09-26 23:48:10
2021-38,dresdenkfz,4,672,568,366,129,2021-09-20 00:03:16,2021-09-26 23:48:11
2021-38,duelmen,5,672,491,337,49,2021-09-20 00:03:28,2021-09-26 23:48:19
2021-38,eislingen,16,670,338,35,9,2021-09-20 00:03:53,2021-09-26 23:48:52
2021-38,frankenthal,4,670,208,125,58,2021-09-20 00:03:59,2021-09-26 23:48:58
2021-38,fuerthtest,1,672,199,30,28,2021-09-20 00:03:29,2021-09-26 23:48:19
2021-38,geldernsw,1,672,167,167,0,2021-09-20 00:03:30,2021-09-26 23:48:20
2021-38,goslartest,1,672,238,187,37,2021-09-20 00:03:31,2021-09-26 23:48:21
2021-38,graz,42,671,3741,2073,354,2021-09-20 00:04:23,2021-09-26 23:48:47
2021-38,grazamt,7,671,389,231,89,2021-09-20 00:04:25,2021-09-26 23:48:48
2021-38,grazuni,1,672,80,0,0,2021-09-20 00:04:26,2021-09-26 23:48:49
2021-38,gronau,8,670,328,132,60,2021-09-20 00:04:14,2021-09-26 23:49:13
2021-38,halbersadt,2,672,31,17,0,2021-09-20 00:04:28,2021-09-26 23:48:50
2021-38,halle,22,672,1095,700,283,2021-09-20 00:03:31,2021-09-26 23:48:27
2021-38,hammersbachtest,3,672,680,316,21,2021-09-20 00:04:30,2021-09-26 23:48:51
2021-38,heidelberg,7,672,640,345,184,2021-09-20 00:03:04,2021-09-26 23:48:04
2021-38,hersfeldtest,1,672,89,28,14,2021-09-20 00:04:31,2021-09-26 23:48:51
2021-38,hof,3,671,243,123,36,2021-09-20 00:04:21,2021-09-26 23:49:18
2021-38,hsktest,1,672,142,5,6,2021-09-20 00:04:32,2021-09-26 23:48:52
2021-38,ilmkreis,1,672,0,0,0,2021-09-20 00:03:02,2021-09-26 23:48:02
2021-38,impfthueringen,66,672,19950,12196,12233,2021-09-20 00:00:00,2021-09-26 23:45:00
2021-38,ingelheim,1,671,134,60,50,2021-09-20 00:04:22,2021-09-26 23:49:21
2021-38,innsbruckpsych,1,61,0,0,0,2021-09-23 17:49:02,2021-09-24 08:49:02
2021-38,itzehoe,3,100,13,3,0,2021-09-20 09:35:20,2021-09-26 13:48:56
2021-38,jena,5,671,919,667,313,2021-09-20 00:03:06,2021-09-26 23:48:03
2021-38,kaiserslauternausl,2,672,0,0,0,2021-09-20 00:03:01,2021-09-26 23:48:01
2021-38,kreisbergstrasse,2,669,273,150,63,2021-09-20 00:03:09,2021-09-26 23:48:09
2021-38,kreisgermersheimkfz,1,672,67,35,20,2021-09-20 00:03:02,2021-09-26 23:48:01
2021-38,kreiswesel,5,672,1023,798,569,2021-09-20 00:03:04,2021-09-26 23:48:03
2021-38,kvmayenkoblenz,5,671,601,295,148,2021-09-20 00:04:35,2021-09-26 23:49:30
2021-38,lehrte,7,672,362,240,55,2021-09-20 00:04:39,2021-09-26 23:49:00
2021-38,leipzig,22,672,1618,1155,212,2021-09-20 00:03:15,2021-09-26 23:48:15
2021-38,leipzigstandesamt,3,672,89,52,14,2021-09-20 00:03:04,2021-09-26 23:48:04
2021-38,loehne,16,671,820,174,35,2021-09-20 00:05:09,2021-09-26 23:50:03
2021-38,lramiesbach,3,671,324,201,95,2021-09-20 00:05:14,2021-09-26 23:50:11
2021-38,lramuenchenefa,13,670,904,358,105,2021-09-20 00:05:18,2021-09-26 23:50:34
2021-38,magdeburg,27,567,466,167,30,2021-09-20 00:03:12,2021-09-26 23:48:08
2021-38,mainz,16,672,1518,1092,328,2021-09-20 00:03:21,2021-09-26 23:48:21
2021-38,minden,3,670,549,388,138,2021-09-20 00:05:23,2021-09-26 23:50:39
2021-38,mittenwalde,3,672,86,6,3,2021-09-20 00:04:40,2021-09-26 23:49:00
2021-38,nordhausen,2,598,144,71,40,2021-09-20 00:03:04,2021-09-26 23:48:04
2021-38,oesterreichgk,7,672,0,0,0,2021-09-20 00:05:16,2021-09-26 23:49:33
2021-38,olfen,1,672,127,54,7,2021-09-20 00:05:16,2021-09-26 23:49:33
2021-38,paderborn,17,671,1650,715,549,2021-09-20 00:05:56,2021-09-26 23:51:10
2021-38,salzgitter,25,671,928,340,149,2021-09-20 00:06:47,2021-09-26 23:51:58
2021-38,schoenebeckelbe,1,671,35,17,6,2021-09-20 00:06:51,2021-09-26 23:52:00
2021-38,selm,2,146,4,2,0,2021-09-20 00:05:17,2021-09-24 09:19:40
2021-38,speyer,5,671,211,134,29,2021-09-20 00:06:56,2021-09-26 23:52:04
2021-38,stadtbergen,1,468,93,35,41,2021-09-20 00:05:17,2021-09-26 18:34:33
2021-38,stadtsoest,1,671,187,134,76,2021-09-20 00:06:59,2021-09-26 23:52:07
2021-38,steinburg,2,671,27,3,0,2021-09-20 00:07:04,2021-09-26 23:52:11
2021-38,teublitztest,1,672,120,61,28,2021-09-20 00:05:18,2021-09-26 23:49:35
2021-38,trier,5,671,282,137,49,2021-09-20 00:07:17,2021-09-26 23:52:23
2021-38,unna,2,671,177,100,75,2021-09-20 00:07:22,2021-09-26 23:52:27
2021-38,weilheimschongau,2,671,131,77,30,2021-09-20 00:07:26,2021-09-26 23:52:30
2021-38,weimar,1,671,222,99,92,2021-09-20 00:03:02,2021-09-26 23:48:02
2021-38,wittmund,3,671,198,77,52,2021-09-20 00:07:34,2021-09-26 23:52:36
2021-38,worms,18,671,676,439,204,2021-09-20 00:07:45,2021-09-26 23:52:49
